Datei;Bereich/Quellseiten;Originaladresse;Originaldateiname;Breite;Hoehe;Verwendung;Downloadadresse
images/aktuelles/intensivworkshop.jpg;https://helfendeassistenzhundepfotenimgrund.de/aktuelles/;https://helfendeassistenzhundepfotenimgrund.de/.cm4all/uproc.php/0/Aktuelles/Intensivworkshop.jpg?_=190e6000f50;Intensivworkshop.jpg;1200;1594;/aktuelles/;https://helfendeassistenzhundepfotenimgrund.de/.cm4all/uproc.php/0/Aktuelles/.Intensivworkshop.jpg/picture-1200?_=190e6000f50
images/aktuelles/training-und-veranstaltungen-02.jpg;https://helfendeassistenzhundepfotenimgrund.de/aktuelles/;https://helfendeassistenzhundepfotenimgrund.de/.cm4all/uproc.php/0/.20240513_204845.jpg/picture-200?_=18fadbf6a10;20240513_204845.jpg;200;356;Archiv – derzeit nicht eingebunden;https://helfendeassistenzhundepfotenimgrund.de/.cm4all/uproc.php/0/.20240513_204845.jpg/picture-200?_=18fadbf6a10
images/aktuelles/training-und-veranstaltungen.jpg;https://helfendeassistenzhundepfotenimgrund.de/aktuelles/;https://helfendeassistenzhundepfotenimgrund.de/.cm4all/uproc.php/0/20200220_175934.jpg?_=18ebee10228;20200220_175934.jpg;1595;897;/aktuelles/;https://helfendeassistenzhundepfotenimgrund.de/.cm4all/uproc.php/0/.20200220_175934.jpg/picture-1200?_=18ebee10228
images/aktuelles/weihnachtsmarkt-001.jpg;https://helfendeassistenzhundepfotenimgrund.de/aktuelles/ | https://helfendeassistenzhundepfotenimgrund.de/galerie-events/;https://helfendeassistenzhundepfotenimgrund.de/.cm4all/uproc.php/0/Galerie%20Weihnachtsmarkt/20231215_190158.jpg?_=190b5816ae0;20231215_190158.jpg;1200;1600;/aktuelles/ | /einblicke/events/;https://helfendeassistenzhundepfotenimgrund.de/.cm4all/uproc.php/0/Galerie%20Weihnachtsmarkt/.20231215_190158.jpg/picture-1200?_=190b5816ae0
images/aktuelles/weihnachtsmarkt-002.jpg;https://helfendeassistenzhundepfotenimgrund.de/aktuelles/ | https://helfendeassistenzhundepfotenimgrund.de/galerie-events/;https://helfendeassistenzhundepfotenimgrund.de/.cm4all/uproc.php/0/Galerie%20Weihnachtsmarkt/20251201_184602.jpg?_=19be77b2d00;20251201_184602.jpg;1790;827;/aktuelles/ | /einblicke/events/;https://helfendeassistenzhundepfotenimgrund.de/.cm4all/uproc.php/0/Galerie%20Weihnachtsmarkt/.20251201_184602.jpg/picture-1200?_=19be77b2d00
images/angebote/assistenzhunde/beratung.jpg;https://helfendeassistenzhundepfotenimgrund.de/angebote-preise/;https://strato-editor.com/.cm4all/mediadb/static/500/de_DE/Allgemein/fp_150003601.jpg;fp_150003601.jpg;397;298;/assistenzhunde/preise/;https://strato-editor.com/.cm4all/mediadb/static/500/de_DE/Allgemein/fp_150003601.jpg
images/angebote/assistenzhunde/blockunterricht.jpg;https://helfendeassistenzhundepfotenimgrund.de/angebote-preise/;https://helfendeassistenzhundepfotenimgrund.de/.cm4all/uproc.php/0/Assistenzhunde/Angebote/Blockunterricht.jpg?_=190b57fd888;Blockunterricht.jpg;1200;1594;/assistenzhunde/preise/;https://helfendeassistenzhundepfotenimgrund.de/.cm4all/uproc.php/0/Assistenzhunde/Angebote/.Blockunterricht.jpg/picture-1200?_=190b57fd888
images/angebote/assistenzhunde/eignungstest-vorhandener-hund.jpg;https://helfendeassistenzhundepfotenimgrund.de/angebote-preise/;https://helfendeassistenzhundepfotenimgrund.de/.cm4all/uproc.php/0/Assistenzhunde/Angebote/EignungstestVorhandenerHund.jpg?_=190b5844d28;EignungstestVorhandenerHund.jpg;1200;675;/assistenzhunde/preise/;https://helfendeassistenzhundepfotenimgrund.de/.cm4all/uproc.php/0/Assistenzhunde/Angebote/.EignungstestVorhandenerHund.jpg/picture-1200?_=190b5844d28
images/angebote/assistenzhunde/einzelstunde.jpg;https://helfendeassistenzhundepfotenimgrund.de/angebote-preise/ | https://helfendeassistenzhundepfotenimgrund.de/galerie/;https://helfendeassistenzhundepfotenimgrund.de/.cm4all/uproc.php/0/Galerie/Joschi%20und%20Skye%20sitz20250805_185722.jpg?_=198d557a278;Joschi und Skye sitz20250805_185722.jpg;584;827;/assistenzhunde/preise/ | /einblicke/training/;https://helfendeassistenzhundepfotenimgrund.de/.cm4all/uproc.php/0/Galerie/.Joschi%20und%20Skye%20sitz20250805_185722.jpg/picture-1200?_=198d557a278
images/angebote/assistenzhunde/erstgesprach-kennenlerntermin.jpg;https://helfendeassistenzhundepfotenimgrund.de/angebote-preise/;https://helfendeassistenzhundepfotenimgrund.de/.cm4all/uproc.php/0/Assistenzhunde/Angebote/Kennenlerntermin.jpg?_=18e9818d8c8;Kennenlerntermin.jpg;612;816;/assistenzhunde/preise/;https://helfendeassistenzhundepfotenimgrund.de/.cm4all/uproc.php/0/Assistenzhunde/Angebote/.Kennenlerntermin.jpg/picture-1200?_=18e9818d8c8
images/angebote/assistenzhunde/gruppenstunde.jpg;https://helfendeassistenzhundepfotenimgrund.de/angebote-preise/;https://helfendeassistenzhundepfotenimgrund.de/.cm4all/uproc.php/0/Assistenzhunde/Angebote/Gruppenstunde.jpg?_=190b5830cd8;Gruppenstunde.jpg;1200;583;/assistenzhunde/preise/;https://helfendeassistenzhundepfotenimgrund.de/.cm4all/uproc.php/0/Assistenzhunde/Angebote/.Gruppenstunde.jpg/picture-1200?_=190b5830cd8
images/angebote/assistenzhunde/kurs-hundeeinzug.jpg;https://helfendeassistenzhundepfotenimgrund.de/angebote-preise/;https://helfendeassistenzhundepfotenimgrund.de/.cm4all/uproc.php/0/Assistenzhunde/Angebote/Kurs%20Hundeeinzug.jpg?_=18ebef3de48;Kurs Hundeeinzug.jpg;674;897;/assistenzhunde/preise/;https://helfendeassistenzhundepfotenimgrund.de/.cm4all/uproc.php/0/Assistenzhunde/Angebote/.Kurs%20Hundeeinzug.jpg/picture-1200?_=18ebef3de48
images/angebote/assistenzhunde/nachbetreuung.jpg;https://helfendeassistenzhundepfotenimgrund.de/angebote-preise/;https://helfendeassistenzhundepfotenimgrund.de/.cm4all/uproc.php/0/Assistenzhunde/Angebote/Nachbetreuung.jpg?_=18ebef2c120;Nachbetreuung.jpg;1196;897;/assistenzhunde/preise/;https://helfendeassistenzhundepfotenimgrund.de/.cm4all/uproc.php/0/Assistenzhunde/Angebote/.Nachbetreuung.jpg/picture-1200?_=18ebef2c120
images/angebote/assistenzhunde/prufungsvorbereitung.jpg;https://helfendeassistenzhundepfotenimgrund.de/angebote-preise/;https://helfendeassistenzhundepfotenimgrund.de/.cm4all/uproc.php/0/Assistenzhunde/Angebote/Pr%C3%BCfungsvorbereitung.jpg?_=18e9819da98;Prüfungsvorbereitung.jpg;828;924;/assistenzhunde/preise/;https://helfendeassistenzhundepfotenimgrund.de/.cm4all/uproc.php/0/Assistenzhunde/Angebote/.Pr%C3%BCfungsvorbereitung.jpg/picture-1200?_=18e9819da98
images/angebote/assistenzhunde/social-walk.jpg;https://helfendeassistenzhundepfotenimgrund.de/angebote-preise/;https://helfendeassistenzhundepfotenimgrund.de/.cm4all/uproc.php/0/Assistenzhunde/Angebote/Social%20Walk.jpg?_=18e9ad70a80;Social Walk.jpg;687;915;/assistenzhunde/preise/;https://helfendeassistenzhundepfotenimgrund.de/.cm4all/uproc.php/0/Assistenzhunde/Angebote/.Social%20Walk.jpg/picture-1200?_=18e9ad70a80
images/angebote/assistenzhunde/tests-im-heranwachsen.jpg;https://helfendeassistenzhundepfotenimgrund.de/angebote-preise/;https://helfendeassistenzhundepfotenimgrund.de/.cm4all/uproc.php/0/Assistenzhunde/Angebote/TestHeranwachsen.jpg?_=18fadcad3f0;TestHeranwachsen.jpg;1200;2469;/assistenzhunde/preise/;https://helfendeassistenzhundepfotenimgrund.de/.cm4all/uproc.php/0/Assistenzhunde/Angebote/.TestHeranwachsen.jpg/picture-1200?_=18fadcad3f0
images/angebote/assistenzhunde/themenkurs.jpg;https://helfendeassistenzhundepfotenimgrund.de/angebote-preise/;https://helfendeassistenzhundepfotenimgrund.de/.cm4all/uproc.php/0/Assistenzhunde/Angebote/Themenkurs.jpg?_=190b57fe440;Themenkurs.jpg;1378;1184;/assistenzhunde/preise/;https://helfendeassistenzhundepfotenimgrund.de/.cm4all/uproc.php/0/Assistenzhunde/Angebote/.Themenkurs.jpg/picture-1200?_=190b57fe440
images/angebote/assistenzhunde/welpen-test-beim-zuchter.jpg;https://helfendeassistenzhundepfotenimgrund.de/angebote-preise/;https://helfendeassistenzhundepfotenimgrund.de/.cm4all/uproc.php/0/Assistenzhunde/Angebote/Welpentest%20Z%C3%BCchter.jpg?_=190b57fec10;Welpentest Züchter.jpg;1599;788;/assistenzhunde/preise/;https://helfendeassistenzhundepfotenimgrund.de/.cm4all/uproc.php/0/Assistenzhunde/Angebote/.Welpentest%20Z%C3%BCchter.jpg/picture-1200?_=190b57fec10
images/angebote/helferhunde/beratungsgesprach-ein-welpe-zieht-ein.jpg;https://helfendeassistenzhundepfotenimgrund.de/helferhunde-leistungen-und-preise/;https://helfendeassistenzhundepfotenimgrund.de/.cm4all/uproc.php/0/Helferhunde/Helferhunde%20Preise/20200524_110456.jpg?_=192a02033f0;20200524_110456.jpg;1200;1200;/ | /helferhunde/preise/;https://helfendeassistenzhundepfotenimgrund.de/.cm4all/uproc.php/0/Helferhunde/Helferhunde%20Preise/.20200524_110456.jpg/picture-1200?_=192a02033f0
images/angebote/helferhunde/einzelstunde.jpg;https://helfendeassistenzhundepfotenimgrund.de/helferhunde-leistungen-und-preise/;https://helfendeassistenzhundepfotenimgrund.de/.cm4all/uproc.php/0/Helferhunde/Helferhunde%20Preise/IMG-20240413-WA0143_1.jpg?_=190d054b638;IMG-20240413-WA0143_1.jpg;708;492;/helferhunde/preise/;https://helfendeassistenzhundepfotenimgrund.de/.cm4all/uproc.php/0/Helferhunde/Helferhunde%20Preise/.IMG-20240413-WA0143_1.jpg/picture-1200?_=190d054b638
images/angebote/helferhunde/hausbesuch.jpg;https://helfendeassistenzhundepfotenimgrund.de/helferhunde-leistungen-und-preise/;https://helfendeassistenzhundepfotenimgrund.de/.cm4all/uproc.php/0/Helferhunde/Helferhunde%20Preise/IMG-20240413-WA0140.jpg?_=190d02a4ad8;IMG-20240413-WA0140.jpg;591;615;/helferhunde/preise/;https://helfendeassistenzhundepfotenimgrund.de/.cm4all/uproc.php/0/Helferhunde/Helferhunde%20Preise/.IMG-20240413-WA0140.jpg/picture-1200?_=190d02a4ad8
images/angebote/helferhunde/workshops-oder-blockunterricht.jpg;https://helfendeassistenzhundepfotenimgrund.de/helferhunde-leistungen-und-preise/;https://helfendeassistenzhundepfotenimgrund.de/.cm4all/uproc.php/0/Helferhunde/Helferhunde%20Preise/20240413_124856.jpg?_=190d054f8a0;20240413_124856.jpg;494;615;/helferhunde/preise/;https://helfendeassistenzhundepfotenimgrund.de/.cm4all/uproc.php/0/Helferhunde/Helferhunde%20Preise/.20240413_124856.jpg/picture-1200?_=190d054f8a0
images/ausbildung/grundausbildung.jpg;https://helfendeassistenzhundepfotenimgrund.de/ausbildungsformen/;https://helfendeassistenzhundepfotenimgrund.de/.cm4all/uproc.php/0/Assistenzhunde/Ausbildungsformen/grundausbildung.jpg?_=1901b33ccd0;grundausbildung.jpg;364;364;/assistenzhunde/ausbildung/;https://helfendeassistenzhundepfotenimgrund.de/.cm4all/uproc.php/0/Assistenzhunde/Ausbildungsformen/.grundausbildung.jpg/picture-1200?_=1901b33ccd0
images/ausbildung/spezialisierung.jpg;https://helfendeassistenzhundepfotenimgrund.de/ausbildungsformen/;https://helfendeassistenzhundepfotenimgrund.de/.cm4all/uproc.php/0/Assistenzhunde/Ausbildungsformen/spezialisierung.jpg?_=1901b33d0b8;spezialisierung.jpg;654;654;/ | /assistenzhunde/ausbildung/;https://helfendeassistenzhundepfotenimgrund.de/.cm4all/uproc.php/0/Assistenzhunde/Ausbildungsformen/.spezialisierung.jpg/picture-1200?_=1901b33d0b8
images/ernaehrungsberatung/ernaehrungsberatung-001.jpg;https://helfendeassistenzhundepfotenimgrund.de/Reico-Vertriebspartner/;https://helfendeassistenzhundepfotenimgrund.de/.cm4all/uproc.php/0/Reico/20220918_111912.jpg?_=18ebee50968;20220918_111912.jpg;1473;897;/ernaehrungsberatung/;https://helfendeassistenzhundepfotenimgrund.de/.cm4all/uproc.php/0/Reico/.20220918_111912.jpg/picture-1200?_=18ebee50968
images/ernaehrungsberatung/ernaehrungsberatung-002.jpg;https://helfendeassistenzhundepfotenimgrund.de/Reico-Vertriebspartner/;https://helfendeassistenzhundepfotenimgrund.de/.cm4all/uproc.php/0/Reico/IMG-20201108-WA0002.jpg?_=18e9fe0d9e8;IMG-20201108-WA0002.jpg;1600;900;/ernaehrungsberatung/;https://helfendeassistenzhundepfotenimgrund.de/.cm4all/uproc.php/0/Reico/.IMG-20201108-WA0002.jpg/picture-1200?_=18e9fe0d9e8
images/ernaehrungsberatung/ernaehrungsberatung-003.jpg;https://helfendeassistenzhundepfotenimgrund.de/Reico-Vertriebspartner/;https://helfendeassistenzhundepfotenimgrund.de/.cm4all/uproc.php/0/Reico/IMG-20201107-WA0018.jpg?_=18e9fe05518;IMG-20201107-WA0018.jpg;1200;2133;/ernaehrungsberatung/;https://helfendeassistenzhundepfotenimgrund.de/.cm4all/uproc.php/0/Reico/.IMG-20201107-WA0018.jpg/picture-1200?_=18e9fe05518
images/ernaehrungsberatung/ernaehrungsberatung-004.jpg;https://helfendeassistenzhundepfotenimgrund.de/Reico-Vertriebspartner/;https://helfendeassistenzhundepfotenimgrund.de/.cm4all/uproc.php/0/Reico/20201107_225853.jpg?_=18e9fdece78;20201107_225853.jpg;1200;675;/ernaehrungsberatung/;https://helfendeassistenzhundepfotenimgrund.de/.cm4all/uproc.php/0/Reico/.20201107_225853.jpg/picture-1200?_=18e9fdece78
images/ernaehrungsberatung/ernaehrungsberatung-005.jpg;https://helfendeassistenzhundepfotenimgrund.de/Reico-Vertriebspartner/;https://helfendeassistenzhundepfotenimgrund.de/.cm4all/uproc.php/0/Reico/20201107_231118.jpg?_=18e9fdde030;20201107_231118.jpg;1200;675;/ernaehrungsberatung/;https://helfendeassistenzhundepfotenimgrund.de/.cm4all/uproc.php/0/Reico/.20201107_231118.jpg/picture-1200?_=18e9fdde030
images/ernaehrungsberatung/ernaehrungsberatung-02.jpg;https://helfendeassistenzhundepfotenimgrund.de/Reico-Vertriebspartner/;https://helfendeassistenzhundepfotenimgrund.de/.cm4all/uproc.php/0/Reico/20200505_133443.jpg?_=18e9fe3b078;20200505_133443.jpg;1200;2133;/ernaehrungsberatung/;https://helfendeassistenzhundepfotenimgrund.de/.cm4all/uproc.php/0/Reico/.20200505_133443.jpg/picture-1200?_=18e9fe3b078
images/ernaehrungsberatung/ernaehrungsberatung.jpg;https://helfendeassistenzhundepfotenimgrund.de/Reico-Vertriebspartner/;https://helfendeassistenzhundepfotenimgrund.de/.cm4all/uproc.php/0/20210630_133602.jpg?_=18ebee27540;20210630_133602.jpg;1196;897;/ernaehrungsberatung/;https://helfendeassistenzhundepfotenimgrund.de/.cm4all/uproc.php/0/.20210630_133602.jpg/picture-1200?_=18ebee27540
images/galerie/autofreier-sonntag-ebsdorfergrund/autofreier-sonntag-ebsdorfergrund-001.jpg;https://helfendeassistenzhundepfotenimgrund.de/galerie-events/;https://helfendeassistenzhundepfotenimgrund.de/.cm4all/uproc.php/0/Galerie%20Autofreier%20Sonntag/IMG-20230918-WA0014.jpg?_=18ebef38858;IMG-20230918-WA0014.jpg;1838;870;/einblicke/events/;https://helfendeassistenzhundepfotenimgrund.de/.cm4all/uproc.php/0/Galerie%20Autofreier%20Sonntag/IMG-20230918-WA0014.jpg?_=18ebef38858
images/galerie/autofreier-sonntag-ebsdorfergrund/autofreier-sonntag-ebsdorfergrund-002.jpg;https://helfendeassistenzhundepfotenimgrund.de/galerie-events/;https://helfendeassistenzhundepfotenimgrund.de/.cm4all/uproc.php/0/Galerie%20Autofreier%20Sonntag/IMG-20230919-WA0007.jpg?_=18ebef28e58;IMG-20230919-WA0007.jpg;618;897;/einblicke/events/;https://helfendeassistenzhundepfotenimgrund.de/.cm4all/uproc.php/0/Galerie%20Autofreier%20Sonntag/IMG-20230919-WA0007.jpg?_=18ebef28e58
images/galerie/autofreier-sonntag-ebsdorfergrund/autofreier-sonntag-ebsdorfergrund-003.jpg;https://helfendeassistenzhundepfotenimgrund.de/galerie-events/;https://helfendeassistenzhundepfotenimgrund.de/.cm4all/uproc.php/0/Galerie%20Autofreier%20Sonntag/20230917_125119.jpg?_=18ebef07730;20230917_125119.jpg;453;220;/einblicke/events/;https://helfendeassistenzhundepfotenimgrund.de/.cm4all/uproc.php/0/Galerie%20Autofreier%20Sonntag/20230917_125119.jpg?_=18ebef07730
images/galerie/autofreier-sonntag-ebsdorfergrund/autofreier-sonntag-ebsdorfergrund-004.jpg;https://helfendeassistenzhundepfotenimgrund.de/galerie-events/;https://helfendeassistenzhundepfotenimgrund.de/.cm4all/uproc.php/0/Galerie%20Autofreier%20Sonntag/IMG-20230918-WA0011.jpg?_=18fadc05858;IMG-20230918-WA0011.jpg;134;189;/einblicke/events/;https://helfendeassistenzhundepfotenimgrund.de/.cm4all/uproc.php/0/Galerie%20Autofreier%20Sonntag/IMG-20230918-WA0011.jpg?_=18fadc05858
images/galerie/calla/calla-grundausbildung-001-02.jpg;https://helfendeassistenzhundepfotenimgrund.de/galerie-calla/;https://helfendeassistenzhundepfotenimgrund.de/.cm4all/uproc.php/0/Galerie%20Calla%20Grundausbildung/Calla%202/20240601-13-02-30_Konstanz-Bushaltestelle.jpg?_=190f42fc9f8;20240601-13-02-30_Konstanz-Bushaltestelle.jpg;1200;1600;/einblicke/calla/;https://helfendeassistenzhundepfotenimgrund.de/.cm4all/uproc.php/0/Galerie%20Calla%20Grundausbildung/Calla%202/.20240601-13-02-30_Konstanz-Bushaltestelle.jpg/picture-1200?_=190f42fc9f8
images/galerie/calla/calla-grundausbildung-001.jpg;https://helfendeassistenzhundepfotenimgrund.de/galerie-calla/;https://helfendeassistenzhundepfotenimgrund.de/.cm4all/uproc.php/0/Galerie%20Calla%20Grundausbildung/20230404_181114.jpg?_=190b5842618;20230404_181114.jpg;1200;1613;/ | /einblicke/ | /einblicke/calla/;https://helfendeassistenzhundepfotenimgrund.de/.cm4all/uproc.php/0/Galerie%20Calla%20Grundausbildung/.20230404_181114.jpg/picture-1200?_=190b5842618
images/galerie/calla/calla-grundausbildung-002-02.jpg;https://helfendeassistenzhundepfotenimgrund.de/galerie-calla/;https://helfendeassistenzhundepfotenimgrund.de/.cm4all/uproc.php/0/Galerie%20Calla%20Grundausbildung/Calla%202/PXL_20240601_100708555.jpg?_=190f42fba58;PXL_20240601_100708555.jpg;1200;2133;/einblicke/calla/;https://helfendeassistenzhundepfotenimgrund.de/.cm4all/uproc.php/0/Galerie%20Calla%20Grundausbildung/Calla%202/.PXL_20240601_100708555.jpg/picture-1200?_=190f42fba58
images/galerie/calla/calla-grundausbildung-002.jpg;https://helfendeassistenzhundepfotenimgrund.de/galerie-calla/;https://helfendeassistenzhundepfotenimgrund.de/.cm4all/uproc.php/0/Galerie%20Calla%20Grundausbildung/20230710_134426.jpg?_=190b5835328;20230710_134426.jpg;1200;2469;/einblicke/calla/;https://helfendeassistenzhundepfotenimgrund.de/.cm4all/uproc.php/0/Galerie%20Calla%20Grundausbildung/.20230710_134426.jpg/picture-1200?_=190b5835328
images/galerie/calla/calla-grundausbildung-003-02.jpg;https://helfendeassistenzhundepfotenimgrund.de/galerie-calla/;https://helfendeassistenzhundepfotenimgrund.de/.cm4all/uproc.php/0/Galerie%20Calla%20Grundausbildung/Calla%202/PXL_20240604_095305132.jpg?_=190f42faea0;PXL_20240604_095305132.jpg;1200;2133;/einblicke/calla/;https://helfendeassistenzhundepfotenimgrund.de/.cm4all/uproc.php/0/Galerie%20Calla%20Grundausbildung/Calla%202/.PXL_20240604_095305132.jpg/picture-1200?_=190f42faea0
images/galerie/calla/calla-grundausbildung-003.jpg;https://helfendeassistenzhundepfotenimgrund.de/galerie-calla/;https://helfendeassistenzhundepfotenimgrund.de/.cm4all/uproc.php/0/Galerie%20Calla%20Grundausbildung/20230726_112210.jpg?_=190b582e1e0;20230726_112210.jpg;1200;583;/einblicke/calla/;https://helfendeassistenzhundepfotenimgrund.de/.cm4all/uproc.php/0/Galerie%20Calla%20Grundausbildung/.20230726_112210.jpg/picture-1200?_=190b582e1e0
images/galerie/calla/calla-grundausbildung-004-02.jpg;https://helfendeassistenzhundepfotenimgrund.de/galerie-calla/;https://helfendeassistenzhundepfotenimgrund.de/.cm4all/uproc.php/0/Galerie%20Calla%20Grundausbildung/Calla%202/PXL_20240604_135627087.jpg?_=190f42fa6d0;PXL_20240604_135627087.jpg;1200;2133;/einblicke/calla/;https://helfendeassistenzhundepfotenimgrund.de/.cm4all/uproc.php/0/Galerie%20Calla%20Grundausbildung/Calla%202/.PXL_20240604_135627087.jpg/picture-1200?_=190f42fa6d0
images/galerie/calla/calla-grundausbildung-004.jpg;https://helfendeassistenzhundepfotenimgrund.de/galerie-calla/;https://helfendeassistenzhundepfotenimgrund.de/.cm4all/uproc.php/0/Galerie%20Calla%20Grundausbildung/20230824_190038.jpg?_=190b582b300;20230824_190038.jpg;1200;2469;/einblicke/calla/;https://helfendeassistenzhundepfotenimgrund.de/.cm4all/uproc.php/0/Galerie%20Calla%20Grundausbildung/.20230824_190038.jpg/picture-1200?_=190b582b300
images/galerie/calla/calla-grundausbildung-005-02.jpg;https://helfendeassistenzhundepfotenimgrund.de/galerie-calla/;https://helfendeassistenzhundepfotenimgrund.de/.cm4all/uproc.php/0/Galerie%20Calla%20Grundausbildung/Calla%202/PXL_20240617_154755151.jpg?_=190f42f9730;PXL_20240617_154755151.jpg;1200;2133;/einblicke/calla/;https://helfendeassistenzhundepfotenimgrund.de/.cm4all/uproc.php/0/Galerie%20Calla%20Grundausbildung/Calla%202/.PXL_20240617_154755151.jpg/picture-1200?_=190f42f9730
images/galerie/calla/calla-grundausbildung-005.jpg;https://helfendeassistenzhundepfotenimgrund.de/galerie-calla/;https://helfendeassistenzhundepfotenimgrund.de/.cm4all/uproc.php/0/Galerie%20Calla%20Grundausbildung/20230920_160307.jpg?_=190b582a748;20230920_160307.jpg;1200;2469;/einblicke/calla/;https://helfendeassistenzhundepfotenimgrund.de/.cm4all/uproc.php/0/Galerie%20Calla%20Grundausbildung/.20230920_160307.jpg/picture-1200?_=190b582a748
images/galerie/calla/calla-grundausbildung-006-02.jpg;https://helfendeassistenzhundepfotenimgrund.de/galerie-calla/;https://helfendeassistenzhundepfotenimgrund.de/.cm4all/uproc.php/0/Galerie%20Calla%20Grundausbildung/Calla%202/PXL_20240630_150709139.jpg?_=190f42f8b78;PXL_20240630_150709139.jpg;1200;2133;/einblicke/calla/;https://helfendeassistenzhundepfotenimgrund.de/.cm4all/uproc.php/0/Galerie%20Calla%20Grundausbildung/Calla%202/.PXL_20240630_150709139.jpg/picture-1200?_=190f42f8b78
images/galerie/calla/calla-grundausbildung-006.jpg;https://helfendeassistenzhundepfotenimgrund.de/galerie-calla/;https://helfendeassistenzhundepfotenimgrund.de/.cm4all/uproc.php/0/Galerie%20Calla%20Grundausbildung/20230920_160316.jpg?_=190b58293c0;20230920_160316.jpg;1200;1848;/einblicke/calla/;https://helfendeassistenzhundepfotenimgrund.de/.cm4all/uproc.php/0/Galerie%20Calla%20Grundausbildung/.20230920_160316.jpg/picture-1200?_=190b58293c0
images/galerie/calla/calla-grundausbildung-007-02.jpg;https://helfendeassistenzhundepfotenimgrund.de/galerie-calla/;https://helfendeassistenzhundepfotenimgrund.de/.cm4all/uproc.php/0/Galerie%20Calla%20Grundausbildung/Calla%202/PXL_20240630_174559972.jpg?_=190f42f8790;PXL_20240630_174559972.jpg;1200;2133;/einblicke/calla/;https://helfendeassistenzhundepfotenimgrund.de/.cm4all/uproc.php/0/Galerie%20Calla%20Grundausbildung/Calla%202/.PXL_20240630_174559972.jpg/picture-1200?_=190f42f8790
images/galerie/calla/calla-grundausbildung-007.jpg;https://helfendeassistenzhundepfotenimgrund.de/galerie-calla/;https://helfendeassistenzhundepfotenimgrund.de/.cm4all/uproc.php/0/Galerie%20Calla%20Grundausbildung/20231110_190732.jpg?_=190b58241b8;20231110_190732.jpg;1200;2469;/einblicke/calla/;https://helfendeassistenzhundepfotenimgrund.de/.cm4all/uproc.php/0/Galerie%20Calla%20Grundausbildung/.20231110_190732.jpg/picture-1200?_=190b58241b8
images/galerie/calla/calla-grundausbildung-008-02.jpg;https://helfendeassistenzhundepfotenimgrund.de/galerie-calla/;https://helfendeassistenzhundepfotenimgrund.de/.cm4all/uproc.php/0/Galerie%20Calla%20Grundausbildung/Calla%202/PXL_20240704_161629835.jpg?_=190f42f7fc0;PXL_20240704_161629835.jpg;1200;675;/einblicke/calla/;https://helfendeassistenzhundepfotenimgrund.de/.cm4all/uproc.php/0/Galerie%20Calla%20Grundausbildung/Calla%202/.PXL_20240704_161629835.jpg/picture-1200?_=190f42f7fc0
images/galerie/calla/calla-grundausbildung-008.jpg;https://helfendeassistenzhundepfotenimgrund.de/galerie-calla/;https://helfendeassistenzhundepfotenimgrund.de/.cm4all/uproc.php/0/Galerie%20Calla%20Grundausbildung/20231208_174720.jpg?_=190b581efb0;20231208_174720.jpg;1200;1600;/einblicke/calla/;https://helfendeassistenzhundepfotenimgrund.de/.cm4all/uproc.php/0/Galerie%20Calla%20Grundausbildung/.20231208_174720.jpg/picture-1200?_=190b581efb0
images/galerie/calla/calla-grundausbildung-009-02.jpg;https://helfendeassistenzhundepfotenimgrund.de/galerie-calla/;https://helfendeassistenzhundepfotenimgrund.de/.cm4all/uproc.php/0/Galerie%20Calla%20Grundausbildung/Calla%202/PXL_20240708_140336828.jpg?_=190f42f7020;PXL_20240708_140336828.jpg;4032;2268;/einblicke/calla/;https://helfendeassistenzhundepfotenimgrund.de/.cm4all/uproc.php/0/Galerie%20Calla%20Grundausbildung/Calla%202/PXL_20240708_140336828.jpg?_=190f42f7020
images/galerie/calla/calla-grundausbildung-009.jpg;https://helfendeassistenzhundepfotenimgrund.de/galerie-calla/;https://helfendeassistenzhundepfotenimgrund.de/.cm4all/uproc.php/0/Galerie%20Calla%20Grundausbildung/20231224_205055.jpg?_=190b5813818;20231224_205055.jpg;1200;2469;/einblicke/calla/;https://helfendeassistenzhundepfotenimgrund.de/.cm4all/uproc.php/0/Galerie%20Calla%20Grundausbildung/.20231224_205055.jpg/picture-1200?_=190b5813818
images/galerie/calla/calla-grundausbildung-010-02.jpg;https://helfendeassistenzhundepfotenimgrund.de/galerie-calla/;https://helfendeassistenzhundepfotenimgrund.de/.cm4all/uproc.php/0/Galerie%20Calla%20Grundausbildung/Calla%202/PXL_20240726_102930963.jpg?_=190f42f6850;PXL_20240726_102930963.jpg;4032;2268;/einblicke/calla/;https://helfendeassistenzhundepfotenimgrund.de/.cm4all/uproc.php/0/Galerie%20Calla%20Grundausbildung/Calla%202/PXL_20240726_102930963.jpg?_=190f42f6850
images/galerie/calla/calla-grundausbildung-010.jpg;https://helfendeassistenzhundepfotenimgrund.de/galerie-calla/;https://helfendeassistenzhundepfotenimgrund.de/.cm4all/uproc.php/0/Galerie%20Calla%20Grundausbildung/20231228_101744.jpg?_=190b58118d8;20231228_101744.jpg;1200;2106;/einblicke/calla/;https://helfendeassistenzhundepfotenimgrund.de/.cm4all/uproc.php/0/Galerie%20Calla%20Grundausbildung/.20231228_101744.jpg/picture-1200?_=190b58118d8
images/galerie/calla/calla-grundausbildung-011-02.jpg;https://helfendeassistenzhundepfotenimgrund.de/galerie-calla/;https://helfendeassistenzhundepfotenimgrund.de/.cm4all/uproc.php/0/Galerie%20Calla%20Grundausbildung/Calla%202/PXL_20240726_113901714.jpg?_=190f42f58b0;PXL_20240726_113901714.jpg;2268;4032;/einblicke/calla/;https://helfendeassistenzhundepfotenimgrund.de/.cm4all/uproc.php/0/Galerie%20Calla%20Grundausbildung/Calla%202/PXL_20240726_113901714.jpg?_=190f42f58b0
images/galerie/calla/calla-grundausbildung-011.jpg;https://helfendeassistenzhundepfotenimgrund.de/galerie-calla/;https://helfendeassistenzhundepfotenimgrund.de/.cm4all/uproc.php/0/Galerie%20Calla%20Grundausbildung/20231228_102517.jpg?_=190b5810550;20231228_102517.jpg;1200;583;/einblicke/calla/;https://helfendeassistenzhundepfotenimgrund.de/.cm4all/uproc.php/0/Galerie%20Calla%20Grundausbildung/.20231228_102517.jpg/picture-1200?_=190b5810550
images/galerie/calla/calla-grundausbildung-012-02.jpg;https://helfendeassistenzhundepfotenimgrund.de/galerie-calla/;https://helfendeassistenzhundepfotenimgrund.de/.cm4all/uproc.php/0/Galerie%20Calla%20Grundausbildung/Calla%202/PXL_20240531_083900759.jpg?_=190f42f50e0;PXL_20240531_083900759.jpg;4032;2268;/einblicke/calla/;https://helfendeassistenzhundepfotenimgrund.de/.cm4all/uproc.php/0/Galerie%20Calla%20Grundausbildung/Calla%202/PXL_20240531_083900759.jpg?_=190f42f50e0
images/galerie/calla/calla-grundausbildung-012.jpg;https://helfendeassistenzhundepfotenimgrund.de/galerie-calla/;https://helfendeassistenzhundepfotenimgrund.de/.cm4all/uproc.php/0/Galerie%20Calla%20Grundausbildung/20240108_143527.jpg?_=190b580e228;20240108_143527.jpg;1200;2469;/einblicke/calla/;https://helfendeassistenzhundepfotenimgrund.de/.cm4all/uproc.php/0/Galerie%20Calla%20Grundausbildung/.20240108_143527.jpg/picture-1200?_=190b580e228
images/galerie/calla/calla-grundausbildung-013-02.jpg;https://helfendeassistenzhundepfotenimgrund.de/galerie-calla/;https://helfendeassistenzhundepfotenimgrund.de/.cm4all/uproc.php/0/Galerie%20Calla%20Grundausbildung/Calla%202/20240809-Calla%2BEnya-Aurich.jpg?_=191741b2680;20240809-Calla+Enya-Aurich.jpg;2048;1153;/einblicke/calla/;https://helfendeassistenzhundepfotenimgrund.de/.cm4all/uproc.php/0/Galerie%20Calla%20Grundausbildung/Calla%202/20240809-Calla%2BEnya-Aurich.jpg?_=191741b2680
images/galerie/calla/calla-grundausbildung-013.jpg;https://helfendeassistenzhundepfotenimgrund.de/galerie-calla/;https://helfendeassistenzhundepfotenimgrund.de/.cm4all/uproc.php/0/Galerie%20Calla%20Grundausbildung/20240108_150742.jpg?_=190b580da58;20240108_150742.jpg;3096;4128;/einblicke/calla/;https://helfendeassistenzhundepfotenimgrund.de/.cm4all/uproc.php/0/Galerie%20Calla%20Grundausbildung/20240108_150742.jpg?_=190b580da58
images/galerie/calla/calla-grundausbildung-014-02.jpg;https://helfendeassistenzhundepfotenimgrund.de/galerie-calla/;https://helfendeassistenzhundepfotenimgrund.de/.cm4all/uproc.php/0/Galerie%20Calla%20Grundausbildung/Calla%202/20240807-Calla-Museum.jpg?_=191741b2fb1;20240807-Calla-Museum.jpg;1200;1600;/einblicke/calla/;https://helfendeassistenzhundepfotenimgrund.de/.cm4all/uproc.php/0/Galerie%20Calla%20Grundausbildung/Calla%202/20240807-Calla-Museum.jpg?_=191741b2fb1
images/galerie/calla/calla-grundausbildung-014.jpg;https://helfendeassistenzhundepfotenimgrund.de/galerie-calla/;https://helfendeassistenzhundepfotenimgrund.de/.cm4all/uproc.php/0/Galerie%20Calla%20Grundausbildung/20240309_121243.jpg?_=190b58097f0;20240309_121243.jpg;3096;4128;/einblicke/calla/;https://helfendeassistenzhundepfotenimgrund.de/.cm4all/uproc.php/0/Galerie%20Calla%20Grundausbildung/20240309_121243.jpg?_=190b58097f0
images/galerie/calla/calla-grundausbildung-015-02.jpg;https://helfendeassistenzhundepfotenimgrund.de/galerie-calla/;https://helfendeassistenzhundepfotenimgrund.de/.cm4all/uproc.php/0/Galerie%20Calla%20Grundausbildung/Calla%202/20240807-Calla%2BEnya-Tierpark.jpg?_=191741b334a;20240807-Calla+Enya-Tierpark.jpg;2048;1153;/einblicke/calla/;https://helfendeassistenzhundepfotenimgrund.de/.cm4all/uproc.php/0/Galerie%20Calla%20Grundausbildung/Calla%202/20240807-Calla%2BEnya-Tierpark.jpg?_=191741b334a
images/galerie/calla/calla-grundausbildung-015.jpg;https://helfendeassistenzhundepfotenimgrund.de/galerie-calla/;https://helfendeassistenzhundepfotenimgrund.de/.cm4all/uproc.php/0/Galerie%20Calla%20Grundausbildung/20240512_193435.jpg?_=190b5805588;20240512_193435.jpg;2240;4608;/einblicke/calla/;https://helfendeassistenzhundepfotenimgrund.de/.cm4all/uproc.php/0/Galerie%20Calla%20Grundausbildung/20240512_193435.jpg?_=190b5805588
images/galerie/calla/calla-grundausbildung-016-02.jpg;https://helfendeassistenzhundepfotenimgrund.de/galerie-calla/;https://helfendeassistenzhundepfotenimgrund.de/.cm4all/uproc.php/0/Galerie%20Calla%20Grundausbildung/Calla%202/20240807-Calla%2BEnya-Museum.jpg?_=191741b3fbf;20240807-Calla+Enya-Museum.jpg;1200;1600;/einblicke/calla/;https://helfendeassistenzhundepfotenimgrund.de/.cm4all/uproc.php/0/Galerie%20Calla%20Grundausbildung/Calla%202/20240807-Calla%2BEnya-Museum.jpg?_=191741b3fbf
images/galerie/calla/calla-grundausbildung-016.jpg;https://helfendeassistenzhundepfotenimgrund.de/galerie-calla/;https://helfendeassistenzhundepfotenimgrund.de/.cm4all/uproc.php/0/Galerie%20Calla%20Grundausbildung/20240530_193122.jpg?_=190b57fff98;20240530_193122.jpg;2240;4608;/einblicke/calla/;https://helfendeassistenzhundepfotenimgrund.de/.cm4all/uproc.php/0/Galerie%20Calla%20Grundausbildung/20240530_193122.jpg?_=190b57fff98
images/galerie/calla/calla-grundausbildung-017-02.jpg;https://helfendeassistenzhundepfotenimgrund.de/galerie-calla/;https://helfendeassistenzhundepfotenimgrund.de/.cm4all/uproc.php/0/Galerie%20Calla%20Grundausbildung/Calla%202/20240807-Calla%2BEnya.jpg?_=191741b4358;20240807-Calla+Enya.jpg;2991;1913;/einblicke/calla/;https://helfendeassistenzhundepfotenimgrund.de/.cm4all/uproc.php/0/Galerie%20Calla%20Grundausbildung/Calla%202/20240807-Calla%2BEnya.jpg?_=191741b4358
images/galerie/calla/calla-grundausbildung-017.jpg;https://helfendeassistenzhundepfotenimgrund.de/galerie-calla/;https://helfendeassistenzhundepfotenimgrund.de/.cm4all/uproc.php/0/Galerie%20Calla%20Grundausbildung/20240520_113245.jpg?_=18fadcb0e88;20240520_113245.jpg;2240;4608;/einblicke/calla/;https://helfendeassistenzhundepfotenimgrund.de/.cm4all/uproc.php/0/Galerie%20Calla%20Grundausbildung/20240520_113245.jpg?_=18fadcb0e88
images/galerie/calla/calla-grundausbildung-018-02.jpg;https://helfendeassistenzhundepfotenimgrund.de/galerie-calla/;https://helfendeassistenzhundepfotenimgrund.de/.cm4all/uproc.php/0/Galerie%20Calla%20Grundausbildung/Calla%202/20240806-Calla-Model.jpg?_=191741b6e51;20240806-Calla-Model.jpg;1600;1200;/einblicke/calla/;https://helfendeassistenzhundepfotenimgrund.de/.cm4all/uproc.php/0/Galerie%20Calla%20Grundausbildung/Calla%202/20240806-Calla-Model.jpg?_=191741b6e51
images/galerie/calla/calla-grundausbildung-018.jpg;https://helfendeassistenzhundepfotenimgrund.de/galerie-calla/;https://helfendeassistenzhundepfotenimgrund.de/.cm4all/uproc.php/0/Galerie%20Calla%20Grundausbildung/20240520_130412.jpg?_=18fadcadfa8;20240520_130412.jpg;4608;2240;/einblicke/calla/;https://helfendeassistenzhundepfotenimgrund.de/.cm4all/uproc.php/0/Galerie%20Calla%20Grundausbildung/20240520_130412.jpg?_=18fadcadfa8
images/galerie/calla/calla-grundausbildung-019-02.jpg;https://helfendeassistenzhundepfotenimgrund.de/galerie-calla/;https://helfendeassistenzhundepfotenimgrund.de/.cm4all/uproc.php/0/Galerie%20Calla%20Grundausbildung/Calla%202/20240806-Calla%20Watt.jpg?_=191741b74f1;20240806-Calla Watt.jpg;1200;1600;/einblicke/calla/;https://helfendeassistenzhundepfotenimgrund.de/.cm4all/uproc.php/0/Galerie%20Calla%20Grundausbildung/Calla%202/20240806-Calla%20Watt.jpg?_=191741b74f1
images/galerie/calla/calla-grundausbildung-019.jpg;https://helfendeassistenzhundepfotenimgrund.de/galerie-calla/;https://helfendeassistenzhundepfotenimgrund.de/.cm4all/uproc.php/0/Galerie%20Calla%20Grundausbildung/20240524_091749.jpg?_=18fadcaa8f8;20240524_091749.jpg;2240;4608;/einblicke/calla/;https://helfendeassistenzhundepfotenimgrund.de/.cm4all/uproc.php/0/Galerie%20Calla%20Grundausbildung/20240524_091749.jpg?_=18fadcaa8f8
images/galerie/calla/calla-grundausbildung-020-02.jpg;https://helfendeassistenzhundepfotenimgrund.de/galerie-calla/;https://helfendeassistenzhundepfotenimgrund.de/.cm4all/uproc.php/0/Galerie%20Calla%20Grundausbildung/Calla%202/20240806-Calla%20blocken%20seitlich.jpg?_=191741b799e;20240806-Calla blocken seitlich.jpg;1536;1863;/einblicke/calla/;https://helfendeassistenzhundepfotenimgrund.de/.cm4all/uproc.php/0/Galerie%20Calla%20Grundausbildung/Calla%202/20240806-Calla%20blocken%20seitlich.jpg?_=191741b799e
images/galerie/calla/calla-grundausbildung-020.jpg;https://helfendeassistenzhundepfotenimgrund.de/galerie-calla/;https://helfendeassistenzhundepfotenimgrund.de/.cm4all/uproc.php/0/Galerie%20Calla%20Grundausbildung/20240524_094510.jpg?_=18fadca7248;20240524_094510.jpg;2240;4608;/einblicke/calla/;https://helfendeassistenzhundepfotenimgrund.de/.cm4all/uproc.php/0/Galerie%20Calla%20Grundausbildung/20240524_094510.jpg?_=18fadca7248
images/galerie/calla/calla-grundausbildung-021-02.jpg;https://helfendeassistenzhundepfotenimgrund.de/galerie-calla/;https://helfendeassistenzhundepfotenimgrund.de/.cm4all/uproc.php/0/Galerie%20Calla%20Grundausbildung/Calla%202/20240806-Calla%20blocken%20hinten.jpg?_=191741b8727;20240806-Calla blocken hinten.jpg;1536;2048;/einblicke/calla/;https://helfendeassistenzhundepfotenimgrund.de/.cm4all/uproc.php/0/Galerie%20Calla%20Grundausbildung/Calla%202/20240806-Calla%20blocken%20hinten.jpg?_=191741b8727
images/galerie/calla/calla-grundausbildung-021.jpg;https://helfendeassistenzhundepfotenimgrund.de/galerie-calla/;https://helfendeassistenzhundepfotenimgrund.de/.cm4all/uproc.php/0/Galerie%20Calla%20Grundausbildung/20230726_100015.jpg?_=18fadc22d18;20230726_100015.jpg;437;897;/einblicke/calla/;https://helfendeassistenzhundepfotenimgrund.de/.cm4all/uproc.php/0/Galerie%20Calla%20Grundausbildung/20230726_100015.jpg?_=18fadc22d18
images/galerie/calla/calla-grundausbildung-022-02.jpg;https://helfendeassistenzhundepfotenimgrund.de/galerie-calla/;https://helfendeassistenzhundepfotenimgrund.de/.cm4all/uproc.php/0/Galerie%20Calla%20Grundausbildung/Calla%202/20241010_CallaAmSee.jpeg?_=1929e2b1e98;20241010_CallaAmSee.jpeg;2048;1152;/einblicke/calla/;https://helfendeassistenzhundepfotenimgrund.de/.cm4all/uproc.php/0/Galerie%20Calla%20Grundausbildung/Calla%202/20241010_CallaAmSee.jpeg?_=1929e2b1e98
images/galerie/calla/calla-grundausbildung-022.jpg;https://helfendeassistenzhundepfotenimgrund.de/galerie-calla/;https://helfendeassistenzhundepfotenimgrund.de/.cm4all/uproc.php/0/Galerie%20Calla%20Grundausbildung/20230814_153936_1.jpg?_=18fadc194c0;20230814_153936_1.jpg;437;897;/einblicke/calla/;https://helfendeassistenzhundepfotenimgrund.de/.cm4all/uproc.php/0/Galerie%20Calla%20Grundausbildung/20230814_153936_1.jpg?_=18fadc194c0
images/galerie/calla/calla-grundausbildung-023-02.jpg;https://helfendeassistenzhundepfotenimgrund.de/galerie-calla/;https://helfendeassistenzhundepfotenimgrund.de/.cm4all/uproc.php/0/Galerie%20Calla%20Grundausbildung/Calla%202/20241013_CallaMuedeNachStadt.jpeg?_=1929e2b0ef8;20241013_CallaMuedeNachStadt.jpeg;1152;2048;/einblicke/calla/;https://helfendeassistenzhundepfotenimgrund.de/.cm4all/uproc.php/0/Galerie%20Calla%20Grundausbildung/Calla%202/20241013_CallaMuedeNachStadt.jpeg?_=1929e2b0ef8
images/galerie/calla/calla-grundausbildung-023.jpg;https://helfendeassistenzhundepfotenimgrund.de/galerie-calla/;https://helfendeassistenzhundepfotenimgrund.de/.cm4all/uproc.php/0/Galerie%20Calla%20Grundausbildung/20230821_172414.jpg?_=18fadc18138;20230821_172414.jpg;437;897;/einblicke/calla/;https://helfendeassistenzhundepfotenimgrund.de/.cm4all/uproc.php/0/Galerie%20Calla%20Grundausbildung/20230821_172414.jpg?_=18fadc18138
images/galerie/calla/calla-grundausbildung-024-02.jpg;https://helfendeassistenzhundepfotenimgrund.de/galerie-calla/;https://helfendeassistenzhundepfotenimgrund.de/.cm4all/uproc.php/0/Galerie%20Calla%20Grundausbildung/Calla%202/20241003_CallaImZug.jpeg?_=1929e2b0340;20241003_CallaImZug.jpeg;2048;1152;/einblicke/calla/;https://helfendeassistenzhundepfotenimgrund.de/.cm4all/uproc.php/0/Galerie%20Calla%20Grundausbildung/Calla%202/20241003_CallaImZug.jpeg?_=1929e2b0340
images/galerie/calla/calla-grundausbildung-024.jpg;https://helfendeassistenzhundepfotenimgrund.de/galerie-calla/;https://helfendeassistenzhundepfotenimgrund.de/.cm4all/uproc.php/0/Galerie%20Calla%20Grundausbildung/20230821_172608.jpg?_=18fadc161f8;20230821_172608.jpg;671;897;/einblicke/calla/;https://helfendeassistenzhundepfotenimgrund.de/.cm4all/uproc.php/0/Galerie%20Calla%20Grundausbildung/20230821_172608.jpg?_=18fadc161f8
images/galerie/calla/calla-grundausbildung-025-02.jpg;https://helfendeassistenzhundepfotenimgrund.de/galerie-calla/;https://helfendeassistenzhundepfotenimgrund.de/.cm4all/uproc.php/0/Galerie%20Calla%20Grundausbildung/Calla%202/20241005_CallaImBaumarkt.jpeg?_=1929e2afb70;20241005_CallaImBaumarkt.jpeg;2048;1152;/einblicke/calla/;https://helfendeassistenzhundepfotenimgrund.de/.cm4all/uproc.php/0/Galerie%20Calla%20Grundausbildung/Calla%202/20241005_CallaImBaumarkt.jpeg?_=1929e2afb70
images/galerie/calla/calla-grundausbildung-025.jpg;https://helfendeassistenzhundepfotenimgrund.de/galerie-calla/;https://helfendeassistenzhundepfotenimgrund.de/.cm4all/uproc.php/0/Galerie%20Calla%20Grundausbildung/20230904_152932.jpg?_=18fadc12f30;20230904_152932.jpg;437;897;/einblicke/calla/;https://helfendeassistenzhundepfotenimgrund.de/.cm4all/uproc.php/0/Galerie%20Calla%20Grundausbildung/20230904_152932.jpg?_=18fadc12f30
images/galerie/calla/calla-grundausbildung-026-02.jpg;https://helfendeassistenzhundepfotenimgrund.de/galerie-calla/;https://helfendeassistenzhundepfotenimgrund.de/.cm4all/uproc.php/0/Galerie%20Calla%20Grundausbildung/Calla%202/20241010_CallaAmBahnhof.jpeg?_=1929e2aebd0;20241010_CallaAmBahnhof.jpeg;2048;1152;/einblicke/calla/;https://helfendeassistenzhundepfotenimgrund.de/.cm4all/uproc.php/0/Galerie%20Calla%20Grundausbildung/Calla%202/20241010_CallaAmBahnhof.jpeg?_=1929e2aebd0
images/galerie/calla/calla-grundausbildung-026.jpg;https://helfendeassistenzhundepfotenimgrund.de/galerie-calla/;https://helfendeassistenzhundepfotenimgrund.de/.cm4all/uproc.php/0/Galerie%20Calla%20Grundausbildung/20240513_175221.jpg?_=18fadbf6240;20240513_175221.jpg;2322;4128;/einblicke/calla/;https://helfendeassistenzhundepfotenimgrund.de/.cm4all/uproc.php/0/Galerie%20Calla%20Grundausbildung/20240513_175221.jpg?_=18fadbf6240
images/galerie/calla/calla-grundausbildung-027-02.jpg;https://helfendeassistenzhundepfotenimgrund.de/galerie-calla/;https://helfendeassistenzhundepfotenimgrund.de/.cm4all/uproc.php/0/Galerie%20Calla%20Grundausbildung/Calla%202/PXL_20250304_172857505.jpg?_=19595dec700;PXL_20250304_172857505.jpg;2268;4032;/einblicke/calla/;https://helfendeassistenzhundepfotenimgrund.de/.cm4all/uproc.php/0/Galerie%20Calla%20Grundausbildung/Calla%202/PXL_20250304_172857505.jpg?_=19595dec700
images/galerie/calla/calla-grundausbildung-027.jpg;https://helfendeassistenzhundepfotenimgrund.de/galerie-calla/;https://helfendeassistenzhundepfotenimgrund.de/.cm4all/uproc.php/0/Galerie%20Calla%20Grundausbildung/20240511_122936.jpg?_=18fadbf1808;20240511_122936.jpg;2240;4608;/einblicke/calla/;https://helfendeassistenzhundepfotenimgrund.de/.cm4all/uproc.php/0/Galerie%20Calla%20Grundausbildung/20240511_122936.jpg?_=18fadbf1808
images/galerie/calla/calla-grundausbildung-028-02.jpg;https://helfendeassistenzhundepfotenimgrund.de/galerie-calla/;https://helfendeassistenzhundepfotenimgrund.de/.cm4all/uproc.php/0/Galerie%20Calla%20Grundausbildung/Calla%202/P1420597.JPG?_=19595de9438;P1420597.JPG;3448;4592;/einblicke/calla/;https://helfendeassistenzhundepfotenimgrund.de/.cm4all/uproc.php/0/Galerie%20Calla%20Grundausbildung/Calla%202/P1420597.JPG?_=19595de9438
images/galerie/calla/calla-grundausbildung-028.jpg;https://helfendeassistenzhundepfotenimgrund.de/galerie-calla/;https://helfendeassistenzhundepfotenimgrund.de/.cm4all/uproc.php/0/Galerie%20Calla%20Grundausbildung/20240511_122030.jpg?_=18fadbf0c50;20240511_122030.jpg;2240;4608;/einblicke/calla/;https://helfendeassistenzhundepfotenimgrund.de/.cm4all/uproc.php/0/Galerie%20Calla%20Grundausbildung/20240511_122030.jpg?_=18fadbf0c50
images/galerie/calla/calla-grundausbildung-029-02.jpg;https://helfendeassistenzhundepfotenimgrund.de/galerie-calla/;https://helfendeassistenzhundepfotenimgrund.de/.cm4all/uproc.php/0/Galerie%20Calla%20Grundausbildung/Calla%202/20250806_121624791.jpg?_=198daa6c3f8;20250806_121624791.jpg;4032;2268;/einblicke/calla/;https://helfendeassistenzhundepfotenimgrund.de/.cm4all/uproc.php/0/Galerie%20Calla%20Grundausbildung/Calla%202/20250806_121624791.jpg?_=198daa6c3f8
images/galerie/calla/calla-grundausbildung-029.jpg;https://helfendeassistenzhundepfotenimgrund.de/galerie-calla/;https://helfendeassistenzhundepfotenimgrund.de/.cm4all/uproc.php/0/Galerie%20Calla%20Grundausbildung/20240510_125730.jpg?_=18fadbf0098;20240510_125730.jpg;2240;4608;/einblicke/calla/;https://helfendeassistenzhundepfotenimgrund.de/.cm4all/uproc.php/0/Galerie%20Calla%20Grundausbildung/20240510_125730.jpg?_=18fadbf0098
images/galerie/calla/calla-grundausbildung-030-02.jpg;https://helfendeassistenzhundepfotenimgrund.de/galerie-calla/;https://helfendeassistenzhundepfotenimgrund.de/.cm4all/uproc.php/0/Galerie%20Calla%20Grundausbildung/Calla%202/20250811_082936122.jpg?_=198daa6b458;20250811_082936122.jpg;4032;2268;/einblicke/calla/;https://helfendeassistenzhundepfotenimgrund.de/.cm4all/uproc.php/0/Galerie%20Calla%20Grundausbildung/Calla%202/20250811_082936122.jpg?_=198daa6b458
images/galerie/calla/calla-grundausbildung-030.jpg;https://helfendeassistenzhundepfotenimgrund.de/galerie-calla/;https://helfendeassistenzhundepfotenimgrund.de/.cm4all/uproc.php/0/Galerie%20Calla%20Grundausbildung/20240510_124754.jpg?_=18fadbee540;20240510_124754.jpg;2240;4608;/einblicke/calla/;https://helfendeassistenzhundepfotenimgrund.de/.cm4all/uproc.php/0/Galerie%20Calla%20Grundausbildung/20240510_124754.jpg?_=18fadbee540
images/galerie/calla/calla-grundausbildung-031-02.jpg;https://helfendeassistenzhundepfotenimgrund.de/galerie-calla/;https://helfendeassistenzhundepfotenimgrund.de/.cm4all/uproc.php/0/Galerie%20Calla%20Grundausbildung/Calla%202/20250811_084206111.jpg?_=198daa6b070;20250811_084206111.jpg;2268;4032;/einblicke/calla/;https://helfendeassistenzhundepfotenimgrund.de/.cm4all/uproc.php/0/Galerie%20Calla%20Grundausbildung/Calla%202/20250811_084206111.jpg?_=198daa6b070
images/galerie/calla/calla-grundausbildung-031.jpg;https://helfendeassistenzhundepfotenimgrund.de/galerie-calla/;https://helfendeassistenzhundepfotenimgrund.de/.cm4all/uproc.php/0/Galerie%20Calla%20Grundausbildung/20240425_161038.jpg?_=18fadbeb660;20240425_161038.jpg;3096;4128;/einblicke/calla/;https://helfendeassistenzhundepfotenimgrund.de/.cm4all/uproc.php/0/Galerie%20Calla%20Grundausbildung/20240425_161038.jpg?_=18fadbeb660
images/galerie/calla/calla-grundausbildung-032-02.jpg;https://helfendeassistenzhundepfotenimgrund.de/galerie-calla/;https://helfendeassistenzhundepfotenimgrund.de/.cm4all/uproc.php/0/Galerie%20Calla%20Grundausbildung/Calla%202/20250812_091135452.jpg?_=198daa69130;20250812_091135452.jpg;4032;2268;/einblicke/calla/;https://helfendeassistenzhundepfotenimgrund.de/.cm4all/uproc.php/0/Galerie%20Calla%20Grundausbildung/Calla%202/20250812_091135452.jpg?_=198daa69130
images/galerie/calla/calla-grundausbildung-032.jpg;https://helfendeassistenzhundepfotenimgrund.de/galerie-calla/;https://helfendeassistenzhundepfotenimgrund.de/.cm4all/uproc.php/0/Galerie%20Calla%20Grundausbildung/20240425_160623.jpg?_=18fadbe6c28;20240425_160623.jpg;3096;4128;/einblicke/calla/;https://helfendeassistenzhundepfotenimgrund.de/.cm4all/uproc.php/0/Galerie%20Calla%20Grundausbildung/20240425_160623.jpg?_=18fadbe6c28
images/galerie/calla/calla-grundausbildung-033-02.jpg;https://helfendeassistenzhundepfotenimgrund.de/galerie-calla/;https://helfendeassistenzhundepfotenimgrund.de/.cm4all/uproc.php/0/Galerie%20Calla%20Grundausbildung/Calla%202/20250711_060917508.jpg?_=198daa68960;20250711_060917508.jpg;2268;4032;/einblicke/calla/;https://helfendeassistenzhundepfotenimgrund.de/.cm4all/uproc.php/0/Galerie%20Calla%20Grundausbildung/Calla%202/20250711_060917508.jpg?_=198daa68960
images/galerie/calla/calla-grundausbildung-033.jpg;https://helfendeassistenzhundepfotenimgrund.de/galerie-calla/;https://helfendeassistenzhundepfotenimgrund.de/.cm4all/uproc.php/0/Galerie%20Calla%20Grundausbildung/20240212_185404.jpg?_=18fadbe1638;20240212_185404.jpg;1838;893;/einblicke/calla/;https://helfendeassistenzhundepfotenimgrund.de/.cm4all/uproc.php/0/Galerie%20Calla%20Grundausbildung/20240212_185404.jpg?_=18fadbe1638
images/galerie/calla/calla-grundausbildung-034.jpg;https://helfendeassistenzhundepfotenimgrund.de/galerie-calla/;https://helfendeassistenzhundepfotenimgrund.de/.cm4all/uproc.php/0/Galerie%20Calla%20Grundausbildung/Calla%202/20250720_105159335.jpg?_=198daa67da8;20250720_105159335.jpg;4032;2268;/einblicke/calla/;https://helfendeassistenzhundepfotenimgrund.de/.cm4all/uproc.php/0/Galerie%20Calla%20Grundausbildung/Calla%202/20250720_105159335.jpg?_=198daa67da8
images/galerie/calla/calla-grundausbildung-035.jpg;https://helfendeassistenzhundepfotenimgrund.de/galerie-calla/;https://helfendeassistenzhundepfotenimgrund.de/.cm4all/uproc.php/0/Galerie%20Calla%20Grundausbildung/20231022_160117.jpg?_=18fadbdd7b8;20231022_160117.jpg;437;897;/einblicke/calla/;https://helfendeassistenzhundepfotenimgrund.de/.cm4all/uproc.php/0/Galerie%20Calla%20Grundausbildung/20231022_160117.jpg?_=18fadbdd7b8
images/galerie/calla/calla-grundausbildung-036.jpg;https://helfendeassistenzhundepfotenimgrund.de/galerie-calla/;https://helfendeassistenzhundepfotenimgrund.de/.cm4all/uproc.php/0/Galerie%20Calla%20Grundausbildung/20240420_134718_1.jpg?_=18fadbcaaf0;20240420_134718_1.jpg;4608;2240;/einblicke/calla/;https://helfendeassistenzhundepfotenimgrund.de/.cm4all/uproc.php/0/Galerie%20Calla%20Grundausbildung/20240420_134718_1.jpg?_=18fadbcaaf0
images/galerie/calla/calla-grundausbildung-037.jpg;https://helfendeassistenzhundepfotenimgrund.de/galerie-calla/;https://helfendeassistenzhundepfotenimgrund.de/.cm4all/uproc.php/0/Galerie%20Calla%20Grundausbildung/20231025_141229.jpg?_=18fadbba920;20231025_141229.jpg;437;897;/einblicke/calla/;https://helfendeassistenzhundepfotenimgrund.de/.cm4all/uproc.php/0/Galerie%20Calla%20Grundausbildung/20231025_141229.jpg?_=18fadbba920
images/galerie/calla/calla-grundausbildung-038.jpg;https://helfendeassistenzhundepfotenimgrund.de/galerie-calla/;https://helfendeassistenzhundepfotenimgrund.de/.cm4all/uproc.php/0/Galerie%20Calla%20Grundausbildung/20231024_143657_1.jpg?_=18fadbdeb40;20231024_143657_1.jpg;437;897;/einblicke/calla/;https://helfendeassistenzhundepfotenimgrund.de/.cm4all/uproc.php/0/Galerie%20Calla%20Grundausbildung/20231024_143657_1.jpg?_=18fadbdeb40
images/galerie/calla/calla-grundausbildung-038.jpg;https://helfendeassistenzhundepfotenimgrund.de/galerie-calla/;https://helfendeassistenzhundepfotenimgrund.de/.cm4all/uproc.php/0/Galerie%20Calla%20Grundausbildung/20231024_143657.jpg?_=18ebef7fcf8;20231024_143657.jpg;437;897;/einblicke/calla/;https://helfendeassistenzhundepfotenimgrund.de/.cm4all/uproc.php/0/Galerie%20Calla%20Grundausbildung/20231024_143657.jpg?_=18ebef7fcf8
images/galerie/calla/calla-grundausbildung-039.jpg;https://helfendeassistenzhundepfotenimgrund.de/galerie-calla/;https://helfendeassistenzhundepfotenimgrund.de/.cm4all/uproc.php/0/Galerie%20Calla%20Grundausbildung/20231025_142355_1.jpg?_=18ebef66aa0;20231025_142355_1.jpg;437;897;/einblicke/calla/;https://helfendeassistenzhundepfotenimgrund.de/.cm4all/uproc.php/0/Galerie%20Calla%20Grundausbildung/20231025_142355_1.jpg?_=18ebef66aa0
images/galerie/calla/calla-grundausbildung-040.jpg;https://helfendeassistenzhundepfotenimgrund.de/galerie-calla/;https://helfendeassistenzhundepfotenimgrund.de/.cm4all/uproc.php/0/Galerie%20Calla%20Grundausbildung/IMG-20231112-WA0038-EDIT.jpg?_=18ebef414f8;IMG-20231112-WA0038-EDIT.jpg;828;839;/einblicke/calla/;https://helfendeassistenzhundepfotenimgrund.de/.cm4all/uproc.php/0/Galerie%20Calla%20Grundausbildung/IMG-20231112-WA0038-EDIT.jpg?_=18ebef414f8
images/galerie/calla/calla-grundausbildung-041.jpg;https://helfendeassistenzhundepfotenimgrund.de/galerie-calla/;https://helfendeassistenzhundepfotenimgrund.de/.cm4all/uproc.php/0/Galerie%20Calla%20Grundausbildung/20230811_180925.jpg?_=18ebeee1da0;20230811_180925.jpg;437;897;/einblicke/calla/;https://helfendeassistenzhundepfotenimgrund.de/.cm4all/uproc.php/0/Galerie%20Calla%20Grundausbildung/20230811_180925.jpg?_=18ebeee1da0
images/galerie/calla/calla-grundausbildung-042.jpg;https://helfendeassistenzhundepfotenimgrund.de/galerie-calla/;https://helfendeassistenzhundepfotenimgrund.de/.cm4all/uproc.php/0/Galerie%20Calla%20Grundausbildung/20230726_100045.jpg?_=18ebeed4ab0;20230726_100045.jpg;437;897;/einblicke/calla/;https://helfendeassistenzhundepfotenimgrund.de/.cm4all/uproc.php/0/Galerie%20Calla%20Grundausbildung/20230726_100045.jpg?_=18ebeed4ab0
images/galerie/calla/calla-grundausbildung-043.jpg;https://helfendeassistenzhundepfotenimgrund.de/galerie-calla/;https://helfendeassistenzhundepfotenimgrund.de/.cm4all/uproc.php/0/Galerie%20Calla%20Grundausbildung/20230726_095950.jpg?_=18ebeecd580;20230726_095950.jpg;437;897;/einblicke/calla/;https://helfendeassistenzhundepfotenimgrund.de/.cm4all/uproc.php/0/Galerie%20Calla%20Grundausbildung/20230726_095950.jpg?_=18ebeecd580
images/galerie/calla/calla-grundausbildung-044.jpg;https://helfendeassistenzhundepfotenimgrund.de/galerie-calla/;https://helfendeassistenzhundepfotenimgrund.de/.cm4all/uproc.php/0/Galerie%20Calla%20Grundausbildung/20230710_131346.jpg?_=18ebeec8760;20230710_131346.jpg;437;897;/einblicke/calla/;https://helfendeassistenzhundepfotenimgrund.de/.cm4all/uproc.php/0/Galerie%20Calla%20Grundausbildung/20230710_131346.jpg?_=18ebeec8760
images/galerie/calla/calla-grundausbildung-045.jpg;https://helfendeassistenzhundepfotenimgrund.de/galerie-calla/;https://helfendeassistenzhundepfotenimgrund.de/.cm4all/uproc.php/0/Galerie%20Calla%20Grundausbildung/20230725_090224.jpg?_=18ebeec25b8;20230725_090224.jpg;437;897;/einblicke/calla/;https://helfendeassistenzhundepfotenimgrund.de/.cm4all/uproc.php/0/Galerie%20Calla%20Grundausbildung/20230725_090224.jpg?_=18ebeec25b8
images/galerie/calla/calla-grundausbildung-046.jpg;https://helfendeassistenzhundepfotenimgrund.de/galerie-calla/;https://helfendeassistenzhundepfotenimgrund.de/.cm4all/uproc.php/0/Galerie%20Calla%20Grundausbildung/20230702_101800.jpg?_=18ebeebdf68;20230702_101800.jpg;437;897;/einblicke/calla/;https://helfendeassistenzhundepfotenimgrund.de/.cm4all/uproc.php/0/Galerie%20Calla%20Grundausbildung/20230702_101800.jpg?_=18ebeebdf68
images/galerie/calla/calla-grundausbildung-047.jpg;https://helfendeassistenzhundepfotenimgrund.de/galerie-calla/;https://helfendeassistenzhundepfotenimgrund.de/.cm4all/uproc.php/0/Galerie%20Calla%20Grundausbildung/20230701_134547.jpg?_=18ebeead9b0;20230701_134547.jpg;740;897;/einblicke/calla/;https://helfendeassistenzhundepfotenimgrund.de/.cm4all/uproc.php/0/Galerie%20Calla%20Grundausbildung/20230701_134547.jpg?_=18ebeead9b0
images/galerie/calla/calla-grundausbildung-048.jpg;https://helfendeassistenzhundepfotenimgrund.de/galerie-calla/;https://helfendeassistenzhundepfotenimgrund.de/.cm4all/uproc.php/0/Galerie%20Calla%20Grundausbildung/20230609_161705.jpg?_=18ebeea4158;20230609_161705.jpg;437;897;/einblicke/calla/;https://helfendeassistenzhundepfotenimgrund.de/.cm4all/uproc.php/0/Galerie%20Calla%20Grundausbildung/20230609_161705.jpg?_=18ebeea4158
images/galerie/calla/calla-grundausbildung-049.jpg;https://helfendeassistenzhundepfotenimgrund.de/galerie-calla/;https://helfendeassistenzhundepfotenimgrund.de/.cm4all/uproc.php/0/Galerie%20Calla%20Grundausbildung/20230520_104327.jpg?_=18ebee9e780;20230520_104327.jpg;437;897;/einblicke/calla/;https://helfendeassistenzhundepfotenimgrund.de/.cm4all/uproc.php/0/Galerie%20Calla%20Grundausbildung/20230520_104327.jpg?_=18ebee9e780
images/galerie/calla/calla-grundausbildung-050.jpg;https://helfendeassistenzhundepfotenimgrund.de/galerie-calla/;https://helfendeassistenzhundepfotenimgrund.de/.cm4all/uproc.php/0/Galerie%20Calla%20Grundausbildung/20230520_102749.jpg?_=18ebee989c0;20230520_102749.jpg;437;897;/einblicke/calla/;https://helfendeassistenzhundepfotenimgrund.de/.cm4all/uproc.php/0/Galerie%20Calla%20Grundausbildung/20230520_102749.jpg?_=18ebee989c0
images/galerie/calla/calla-grundausbildung-051.jpg;https://helfendeassistenzhundepfotenimgrund.de/galerie-calla/;https://helfendeassistenzhundepfotenimgrund.de/.cm4all/uproc.php/0/Galerie%20Calla%20Grundausbildung/20230514_124821_1.jpg?_=18ebee8f550;20230514_124821_1.jpg;437;897;/einblicke/calla/;https://helfendeassistenzhundepfotenimgrund.de/.cm4all/uproc.php/0/Galerie%20Calla%20Grundausbildung/20230514_124821_1.jpg?_=18ebee8f550
images/galerie/calla/calla-grundausbildung-052.jpg;https://helfendeassistenzhundepfotenimgrund.de/galerie-calla/;https://helfendeassistenzhundepfotenimgrund.de/.cm4all/uproc.php/0/Galerie%20Calla%20Grundausbildung/20230514_105435.jpg?_=18ebee81a90;20230514_105435.jpg;1320;897;/einblicke/calla/;https://helfendeassistenzhundepfotenimgrund.de/.cm4all/uproc.php/0/Galerie%20Calla%20Grundausbildung/20230514_105435.jpg?_=18ebee81a90
images/galerie/calla/calla-grundausbildung-053.jpg;https://helfendeassistenzhundepfotenimgrund.de/galerie-calla/;https://helfendeassistenzhundepfotenimgrund.de/.cm4all/uproc.php/0/Galerie%20Calla%20Grundausbildung/20230508_184844.jpg?_=18ebee7dff8;20230508_184844.jpg;498;897;/einblicke/calla/;https://helfendeassistenzhundepfotenimgrund.de/.cm4all/uproc.php/0/Galerie%20Calla%20Grundausbildung/20230508_184844.jpg?_=18ebee7dff8
images/galerie/calla/calla-grundausbildung-054.jpg;https://helfendeassistenzhundepfotenimgrund.de/galerie-calla/;https://helfendeassistenzhundepfotenimgrund.de/.cm4all/uproc.php/0/Galerie%20Calla%20Grundausbildung/20230501_163609.jpg?_=18ebee78620;20230501_163609.jpg;437;897;/einblicke/calla/;https://helfendeassistenzhundepfotenimgrund.de/.cm4all/uproc.php/0/Galerie%20Calla%20Grundausbildung/20230501_163609.jpg?_=18ebee78620
images/galerie/calla/calla-grundausbildung-055.jpg;https://helfendeassistenzhundepfotenimgrund.de/galerie-calla/;https://helfendeassistenzhundepfotenimgrund.de/.cm4all/uproc.php/0/Galerie%20Calla%20Grundausbildung/20230503_143547.jpg?_=18ebee6edc8;20230503_143547.jpg;765;897;/einblicke/calla/;https://helfendeassistenzhundepfotenimgrund.de/.cm4all/uproc.php/0/Galerie%20Calla%20Grundausbildung/20230503_143547.jpg?_=18ebee6edc8
images/galerie/calla/calla-grundausbildung-056.jpg;https://helfendeassistenzhundepfotenimgrund.de/galerie-calla/;https://helfendeassistenzhundepfotenimgrund.de/.cm4all/uproc.php/0/Galerie%20Calla%20Grundausbildung/20230428_194312.jpg?_=18ebee6ab60;20230428_194312.jpg;1838;893;/einblicke/calla/;https://helfendeassistenzhundepfotenimgrund.de/.cm4all/uproc.php/0/Galerie%20Calla%20Grundausbildung/20230428_194312.jpg?_=18ebee6ab60
images/galerie/calla/calla-grundausbildung-057.jpg;https://helfendeassistenzhundepfotenimgrund.de/galerie-calla/;https://helfendeassistenzhundepfotenimgrund.de/.cm4all/uproc.php/0/Galerie%20Calla%20Grundausbildung/20230430_145508.jpg?_=18ebee645d0;20230430_145508.jpg;437;897;/einblicke/calla/;https://helfendeassistenzhundepfotenimgrund.de/.cm4all/uproc.php/0/Galerie%20Calla%20Grundausbildung/20230430_145508.jpg?_=18ebee645d0
images/galerie/calla/calla-grundausbildung-058.jpg;https://helfendeassistenzhundepfotenimgrund.de/galerie-calla/;https://helfendeassistenzhundepfotenimgrund.de/.cm4all/uproc.php/0/Galerie%20Calla%20Grundausbildung/20230424_164847.jpg?_=18ebee55f58;20230424_164847.jpg;599;897;/einblicke/calla/;https://helfendeassistenzhundepfotenimgrund.de/.cm4all/uproc.php/0/Galerie%20Calla%20Grundausbildung/20230424_164847.jpg?_=18ebee55f58
images/galerie/theorie-und-praxisseminar/theorie-und-praxisseminar-001.jpg;https://helfendeassistenzhundepfotenimgrund.de/galerie-events/;https://helfendeassistenzhundepfotenimgrund.de/.cm4all/uproc.php/0/Galerie%20Weihnachtsmarkt/IMG-20231211-WA0001.jpg?_=1929103b400;IMG-20231211-WA0001.jpg;279;621;/einblicke/events/;https://helfendeassistenzhundepfotenimgrund.de/.cm4all/uproc.php/0/Galerie%20Weihnachtsmarkt/IMG-20231211-WA0001.jpg?_=1929103b400
images/galerie/theorie-und-praxisseminar/theorie-und-praxisseminar-002.jpg;https://helfendeassistenzhundepfotenimgrund.de/galerie-events/;https://helfendeassistenzhundepfotenimgrund.de/.cm4all/uproc.php/0/Galerie%20Weihnachtsmarkt/IMG-20231216-WA0013.jpg?_=192910390d8;IMG-20231216-WA0013.jpg;350;621;/einblicke/events/;https://helfendeassistenzhundepfotenimgrund.de/.cm4all/uproc.php/0/Galerie%20Weihnachtsmarkt/IMG-20231216-WA0013.jpg?_=192910390d8
images/galerie/theorie-und-praxisseminar/theorie-und-praxisseminar-003.jpg;https://helfendeassistenzhundepfotenimgrund.de/galerie-events/;https://helfendeassistenzhundepfotenimgrund.de/.cm4all/uproc.php/0/Galerie%20Weihnachtsmarkt/20231209_113014.jpg?_=190b581bce8;20231209_113014.jpg;3456;4608;/einblicke/events/;https://helfendeassistenzhundepfotenimgrund.de/.cm4all/uproc.php/0/Galerie%20Weihnachtsmarkt/20231209_113014.jpg?_=190b581bce8
images/galerie/theorie-und-praxisseminar/theorie-und-praxisseminar-004.jpg;https://helfendeassistenzhundepfotenimgrund.de/galerie-events/;https://helfendeassistenzhundepfotenimgrund.de/.cm4all/uproc.php/0/Galerie%20Weihnachtsmarkt/20231215_190033.jpg?_=190b58172b0;20231215_190033.jpg;3456;4608;/einblicke/events/;https://helfendeassistenzhundepfotenimgrund.de/.cm4all/uproc.php/0/Galerie%20Weihnachtsmarkt/20231215_190033.jpg?_=190b58172b0
images/galerie/theorie-und-praxisseminar/theorie-und-praxisseminar-006.jpg;https://helfendeassistenzhundepfotenimgrund.de/galerie-events/;https://helfendeassistenzhundepfotenimgrund.de/.cm4all/uproc.php/0/Galerie%20Weihnachtsmarkt/20231215_190341.jpg?_=190b5815f28;20231215_190341.jpg;3456;4608;/einblicke/events/;https://helfendeassistenzhundepfotenimgrund.de/.cm4all/uproc.php/0/Galerie%20Weihnachtsmarkt/20231215_190341.jpg?_=190b5815f28
images/galerie/theorie-und-praxisseminar/theorie-und-praxisseminar-007.jpg;https://helfendeassistenzhundepfotenimgrund.de/galerie-events/;https://helfendeassistenzhundepfotenimgrund.de/.cm4all/uproc.php/0/Galerie%20Weihnachtsmarkt/20231217_191724.jpg?_=190b5815758;20231217_191724.jpg;3456;4608;/einblicke/events/;https://helfendeassistenzhundepfotenimgrund.de/.cm4all/uproc.php/0/Galerie%20Weihnachtsmarkt/20231217_191724.jpg?_=190b5815758
images/galerie/theorie-und-praxisseminar/theorie-und-praxisseminar-008.jpg;https://helfendeassistenzhundepfotenimgrund.de/galerie-events/;https://helfendeassistenzhundepfotenimgrund.de/.cm4all/uproc.php/0/Galerie%20Weihnachtsmarkt/20251129_154043.jpg?_=19be77b34d0;20251129_154043.jpg;591;827;/einblicke/events/;https://helfendeassistenzhundepfotenimgrund.de/.cm4all/uproc.php/0/Galerie%20Weihnachtsmarkt/20251129_154043.jpg?_=19be77b34d0
images/galerie/theorie-und-praxisseminar/theorie-und-praxisseminar-009.jpg;https://helfendeassistenzhundepfotenimgrund.de/galerie-events/;https://helfendeassistenzhundepfotenimgrund.de/.cm4all/uproc.php/0/Galerie%20Weihnachtsmarkt/20251104_125318.jpg?_=19be77b5410;20251104_125318.jpg;381;827;/einblicke/events/;https://helfendeassistenzhundepfotenimgrund.de/.cm4all/uproc.php/0/Galerie%20Weihnachtsmarkt/20251104_125318.jpg?_=19be77b5410
images/galerie/theorie-und-praxisseminar/theorie-und-praxisseminar-011.jpg;https://helfendeassistenzhundepfotenimgrund.de/galerie-events/;https://helfendeassistenzhundepfotenimgrund.de/.cm4all/uproc.php/0/Galerie%20Weihnachtsmarkt/20251218_162222.jpg?_=19be77b11a8;20251218_162222.jpg;381;827;/einblicke/events/;https://helfendeassistenzhundepfotenimgrund.de/.cm4all/uproc.php/0/Galerie%20Weihnachtsmarkt/20251218_162222.jpg?_=19be77b11a8
images/galerie/theorie-und-praxisseminar/theorie-und-praxisseminar-012.jpg;https://helfendeassistenzhundepfotenimgrund.de/galerie-events/;https://helfendeassistenzhundepfotenimgrund.de/.cm4all/uproc.php/0/Galerie%20Weihnachtsmarkt/IMG-20241115-WA0033.jpg?_=19be77aea98;IMG-20241115-WA0033.jpg;620;827;/einblicke/events/;https://helfendeassistenzhundepfotenimgrund.de/.cm4all/uproc.php/0/Galerie%20Weihnachtsmarkt/IMG-20241115-WA0033.jpg?_=19be77aea98
images/galerie/theorie-und-praxisseminar/theorie-und-praxisseminar-013.jpg;https://helfendeassistenzhundepfotenimgrund.de/galerie-events/;https://helfendeassistenzhundepfotenimgrund.de/.cm4all/uproc.php/0/Galerie%20Weihnachtsmarkt/IMG-20241115-WA0071.jpg?_=19be77aea98;IMG-20241115-WA0071.jpg;594;827;/einblicke/events/;https://helfendeassistenzhundepfotenimgrund.de/.cm4all/uproc.php/0/Galerie%20Weihnachtsmarkt/IMG-20241115-WA0071.jpg?_=19be77aea98
images/galerie/theorie-und-praxisseminar/theorie-und-praxisseminar-014.jpg;https://helfendeassistenzhundepfotenimgrund.de/galerie-events/;https://helfendeassistenzhundepfotenimgrund.de/.cm4all/uproc.php/0/Galerie%20Weihnachtsmarkt/20251129_161420.jpg?_=19be77b30e8;20251129_161420.jpg;1790;827;/einblicke/events/;https://helfendeassistenzhundepfotenimgrund.de/.cm4all/uproc.php/0/Galerie%20Weihnachtsmarkt/20251129_161420.jpg?_=19be77b30e8
images/galerie/theorie-und-praxisseminar/theorie-und-praxisseminar-015.jpg;https://helfendeassistenzhundepfotenimgrund.de/galerie-events/;https://helfendeassistenzhundepfotenimgrund.de/.cm4all/uproc.php/0/Galerie%20Weihnachtsmarkt/20251224_081937.jpg?_=19be77b0dc0;20251224_081937.jpg;1790;827;/einblicke/events/;https://helfendeassistenzhundepfotenimgrund.de/.cm4all/uproc.php/0/Galerie%20Weihnachtsmarkt/20251224_081937.jpg?_=19be77b0dc0
images/galerie/theorie-und-praxisseminar/theorie-und-praxisseminar-017.jpg;https://helfendeassistenzhundepfotenimgrund.de/galerie-events/;https://helfendeassistenzhundepfotenimgrund.de/.cm4all/uproc.php/0/Galerie%20Weihnachtsmarkt/20251218_162035.jpg?_=19be77b1590;20251218_162035.jpg;381;827;/einblicke/events/;https://helfendeassistenzhundepfotenimgrund.de/.cm4all/uproc.php/0/Galerie%20Weihnachtsmarkt/20251218_162035.jpg?_=19be77b1590
images/galerie/tierpark-und-zoo/tierpark-und-zoo-001.jpg;https://helfendeassistenzhundepfotenimgrund.de/aktuelles/ | https://helfendeassistenzhundepfotenimgrund.de/galerie-events/;https://helfendeassistenzhundepfotenimgrund.de/.cm4all/uproc.php/0/Galerie%20Tierpark%20und%20Zoo/IMG-20240413-WA0096.jpg?_=1929149f848;IMG-20240413-WA0096.jpg;633;621;/ | /aktuelles/ | /einblicke/ | /einblicke/events/;https://helfendeassistenzhundepfotenimgrund.de/.cm4all/uproc.php/0/Galerie%20Tierpark%20und%20Zoo/.IMG-20240413-WA0096.jpg/picture-1200?_=1929149f848
images/galerie/tierpark-und-zoo/tierpark-und-zoo-002.jpg;https://helfendeassistenzhundepfotenimgrund.de/galerie-events/;https://helfendeassistenzhundepfotenimgrund.de/.cm4all/uproc.php/0/Galerie%20Tierpark%20und%20Zoo/IMG-20240413-WA0152.jpg?_=1929149dcf0;IMG-20240413-WA0152.jpg;993;477;/einblicke/events/;https://helfendeassistenzhundepfotenimgrund.de/.cm4all/uproc.php/0/Galerie%20Tierpark%20und%20Zoo/IMG-20240413-WA0152.jpg?_=1929149dcf0
images/galerie/tierpark-und-zoo/tierpark-und-zoo-003.jpg;https://helfendeassistenzhundepfotenimgrund.de/galerie-events/;https://helfendeassistenzhundepfotenimgrund.de/.cm4all/uproc.php/0/Galerie%20Tierpark%20und%20Zoo/20230414_162427.jpg?_=190b583dfc8;20230414_162427.jpg;2240;2516;/einblicke/events/;https://helfendeassistenzhundepfotenimgrund.de/.cm4all/uproc.php/0/Galerie%20Tierpark%20und%20Zoo/20230414_162427.jpg?_=190b583dfc8
images/galerie/tierpark-und-zoo/tierpark-und-zoo-004.jpg;https://helfendeassistenzhundepfotenimgrund.de/galerie-events/;https://helfendeassistenzhundepfotenimgrund.de/.cm4all/uproc.php/0/Galerie%20Tierpark%20und%20Zoo/20230414_180109.jpg?_=190b583dbe0;20230414_180109.jpg;2240;4608;/einblicke/events/;https://helfendeassistenzhundepfotenimgrund.de/.cm4all/uproc.php/0/Galerie%20Tierpark%20und%20Zoo/20230414_180109.jpg?_=190b583dbe0
images/galerie/tierpark-und-zoo/tierpark-und-zoo-005.jpg;https://helfendeassistenzhundepfotenimgrund.de/galerie-events/;https://helfendeassistenzhundepfotenimgrund.de/.cm4all/uproc.php/0/Galerie%20Tierpark%20und%20Zoo/20230414_164911.jpg?_=190b583d410;20230414_164911.jpg;2240;2692;/einblicke/events/;https://helfendeassistenzhundepfotenimgrund.de/.cm4all/uproc.php/0/Galerie%20Tierpark%20und%20Zoo/20230414_164911.jpg?_=190b583d410
images/galerie/tierpark-und-zoo/tierpark-und-zoo-006.jpg;https://helfendeassistenzhundepfotenimgrund.de/galerie-events/;https://helfendeassistenzhundepfotenimgrund.de/.cm4all/uproc.php/0/Galerie%20Tierpark%20und%20Zoo/IMG-20240413-WA0093.jpg?_=190b57fe828;IMG-20240413-WA0093.jpg;2000;1500;/einblicke/events/;https://helfendeassistenzhundepfotenimgrund.de/.cm4all/uproc.php/0/Galerie%20Tierpark%20und%20Zoo/IMG-20240413-WA0093.jpg?_=190b57fe828
images/galerie/tierpark-und-zoo/tierpark-und-zoo-007.jpg;https://helfendeassistenzhundepfotenimgrund.de/galerie-events/;https://helfendeassistenzhundepfotenimgrund.de/.cm4all/uproc.php/0/Galerie%20Tierpark%20und%20Zoo/IMG-20240413-WA0099.jpg?_=190b57fe058;IMG-20240413-WA0099.jpg;924;710;/einblicke/events/;https://helfendeassistenzhundepfotenimgrund.de/.cm4all/uproc.php/0/Galerie%20Tierpark%20und%20Zoo/IMG-20240413-WA0099.jpg?_=190b57fe058
images/galerie/tierpark-und-zoo/tierpark-und-zoo-008.jpg;https://helfendeassistenzhundepfotenimgrund.de/galerie-events/;https://helfendeassistenzhundepfotenimgrund.de/.cm4all/uproc.php/0/Galerie%20Tierpark%20und%20Zoo/IMG-20240413-WA0131.jpg?_=190b57fdc70;IMG-20240413-WA0131.jpg;2048;1251;/einblicke/events/;https://helfendeassistenzhundepfotenimgrund.de/.cm4all/uproc.php/0/Galerie%20Tierpark%20und%20Zoo/IMG-20240413-WA0131.jpg?_=190b57fdc70
images/galerie/tierpark-und-zoo/tierpark-und-zoo-009.jpg;https://helfendeassistenzhundepfotenimgrund.de/galerie-events/;https://helfendeassistenzhundepfotenimgrund.de/.cm4all/uproc.php/0/Galerie%20Tierpark%20und%20Zoo/IMG-20240413-WA0145.jpg?_=190b57fdc70;IMG-20240413-WA0145.jpg;1340;2048;/einblicke/events/;https://helfendeassistenzhundepfotenimgrund.de/.cm4all/uproc.php/0/Galerie%20Tierpark%20und%20Zoo/IMG-20240413-WA0145.jpg?_=190b57fdc70
images/galerie/tierpark-und-zoo/tierpark-und-zoo-010.jpg;https://helfendeassistenzhundepfotenimgrund.de/galerie-events/;https://helfendeassistenzhundepfotenimgrund.de/.cm4all/uproc.php/0/Galerie%20Tierpark%20und%20Zoo/20230424_172338%20(1).jpg?_=18ebee5a5a8;20230424_172338 (1).jpg;437;897;/einblicke/events/;https://helfendeassistenzhundepfotenimgrund.de/.cm4all/uproc.php/0/Galerie%20Tierpark%20und%20Zoo/20230424_172338%20(1).jpg?_=18ebee5a5a8
images/galerie/tierpark-und-zoo/tierpark-und-zoo-011.jpg;https://helfendeassistenzhundepfotenimgrund.de/galerie-events/;https://helfendeassistenzhundepfotenimgrund.de/.cm4all/uproc.php/0/Galerie%20Tierpark%20und%20Zoo/4547.jpg?_=18e981c3040;4547.jpg;384;512;/einblicke/events/;https://helfendeassistenzhundepfotenimgrund.de/.cm4all/uproc.php/0/Galerie%20Tierpark%20und%20Zoo/4547.jpg?_=18e981c3040
images/galerie/tierpark-und-zoo/tierpark-und-zoo-012.jpg;https://helfendeassistenzhundepfotenimgrund.de/galerie-events/;https://helfendeassistenzhundepfotenimgrund.de/.cm4all/uproc.php/0/Galerie%20Tierpark%20und%20Zoo/20250330_123100.jpg?_=198d5553178;20250330_123100.jpg;381;827;/einblicke/events/;https://helfendeassistenzhundepfotenimgrund.de/.cm4all/uproc.php/0/Galerie%20Tierpark%20und%20Zoo/20250330_123100.jpg?_=198d5553178
images/galerie/tierpark-und-zoo/tierpark-und-zoo-013.jpg;https://helfendeassistenzhundepfotenimgrund.de/galerie-events/;https://helfendeassistenzhundepfotenimgrund.de/.cm4all/uproc.php/0/Galerie%20Tierpark%20und%20Zoo/20250506_170729.jpg?_=19be77baa00;20250506_170729.jpg;381;827;/einblicke/events/;https://helfendeassistenzhundepfotenimgrund.de/.cm4all/uproc.php/0/Galerie%20Tierpark%20und%20Zoo/20250506_170729.jpg?_=19be77baa00
images/galerie/tierpark-und-zoo/tierpark-und-zoo-014.jpg;https://helfendeassistenzhundepfotenimgrund.de/galerie-events/;https://helfendeassistenzhundepfotenimgrund.de/.cm4all/uproc.php/0/Galerie%20Tierpark%20und%20Zoo/20250506_171610.jpg?_=19be77baa00;20250506_171610.jpg;381;827;/einblicke/events/;https://helfendeassistenzhundepfotenimgrund.de/.cm4all/uproc.php/0/Galerie%20Tierpark%20und%20Zoo/20250506_171610.jpg?_=19be77baa00
images/galerie/tierpark-und-zoo/tierpark-und-zoo-015.jpg;https://helfendeassistenzhundepfotenimgrund.de/galerie-events/;https://helfendeassistenzhundepfotenimgrund.de/.cm4all/uproc.php/0/Galerie%20Tierpark%20und%20Zoo/20250506_172343.jpg?_=19be77ba618;20250506_172343.jpg;485;827;/einblicke/events/;https://helfendeassistenzhundepfotenimgrund.de/.cm4all/uproc.php/0/Galerie%20Tierpark%20und%20Zoo/20250506_172343.jpg?_=19be77ba618
images/galerie/tierpark-und-zoo/tierpark-und-zoo-016.jpg;https://helfendeassistenzhundepfotenimgrund.de/galerie-events/;https://helfendeassistenzhundepfotenimgrund.de/.cm4all/uproc.php/0/Galerie%20Tierpark%20und%20Zoo/20251019_145747.jpg?_=19be77b63b0;20251019_145747.jpg;381;827;/einblicke/events/;https://helfendeassistenzhundepfotenimgrund.de/.cm4all/uproc.php/0/Galerie%20Tierpark%20und%20Zoo/20251019_145747.jpg?_=19be77b63b0
images/galerie/tierpark-und-zoo/tierpark-und-zoo-017.jpg;https://helfendeassistenzhundepfotenimgrund.de/galerie-events/;https://helfendeassistenzhundepfotenimgrund.de/.cm4all/uproc.php/0/Galerie%20Tierpark%20und%20Zoo/20251226_111850.jpg?_=19be77b09d8;20251226_111850.jpg;381;827;/einblicke/events/;https://helfendeassistenzhundepfotenimgrund.de/.cm4all/uproc.php/0/Galerie%20Tierpark%20und%20Zoo/20251226_111850.jpg?_=19be77b09d8
images/galerie/training-am-flughafen/training-am-flughafen-001.jpg;https://helfendeassistenzhundepfotenimgrund.de/galerie-events/;https://helfendeassistenzhundepfotenimgrund.de/.cm4all/uproc.php/0/Galerie%20Flughafen/20250322_163659.jpg?_=198d5550e50;20250322_163659.jpg;372;827;/einblicke/events/;https://helfendeassistenzhundepfotenimgrund.de/.cm4all/uproc.php/0/Galerie%20Flughafen/20250322_163659.jpg?_=198d5550e50
images/galerie/training-am-flughafen/training-am-flughafen-002.jpg;https://helfendeassistenzhundepfotenimgrund.de/aktuelles/ | https://helfendeassistenzhundepfotenimgrund.de/galerie-events/;https://helfendeassistenzhundepfotenimgrund.de/.cm4all/uproc.php/0/Galerie%20Flughafen/20250322_171333-EDIT.jpg?_=198d554f6e0;20250322_171333-EDIT.jpg;381;827;/aktuelles/ | /einblicke/events/;https://helfendeassistenzhundepfotenimgrund.de/.cm4all/uproc.php/0/Galerie%20Flughafen/.20250322_171333-EDIT.jpg/picture-1200?_=198d554f6e0
images/galerie/training/hundetraining-001.jpg;https://helfendeassistenzhundepfotenimgrund.de/galerie/;https://helfendeassistenzhundepfotenimgrund.de/.cm4all/uproc.php/0/Galerie/20240913_132033-EDIT.jpg?_=192914a5dd8;20240913_132033-EDIT.jpg;302;621;/ | /einblicke/ | /einblicke/training/;https://helfendeassistenzhundepfotenimgrund.de/.cm4all/uproc.php/0/Galerie/.20240913_132033-EDIT.jpg/picture-1200?_=192914a5dd8
images/galerie/training/hundetraining-002.jpg;https://helfendeassistenzhundepfotenimgrund.de/galerie/;https://helfendeassistenzhundepfotenimgrund.de/.cm4all/uproc.php/0/Galerie/IMG-20240831-WA0011.jpg?_=19291499e70;IMG-20240831-WA0011.jpg;828;621;/ | /einblicke/training/;https://helfendeassistenzhundepfotenimgrund.de/.cm4all/uproc.php/0/Galerie/.IMG-20240831-WA0011.jpg/picture-1200?_=19291499e70
images/galerie/training/hundetraining-003.jpg;https://helfendeassistenzhundepfotenimgrund.de/galerie/;https://helfendeassistenzhundepfotenimgrund.de/.cm4all/uproc.php/0/Galerie/IMG-20240624-WA0026.jpg?_=19291037198;IMG-20240624-WA0026.jpg;467;621;/einblicke/training/;https://helfendeassistenzhundepfotenimgrund.de/.cm4all/uproc.php/0/Galerie/.IMG-20240624-WA0026.jpg/picture-1200?_=19291037198
images/galerie/training/hundetraining-004.jpg;https://helfendeassistenzhundepfotenimgrund.de/galerie/ | https://helfendeassistenzhundepfotenimgrund.de/psb-assistenzhunde/;https://helfendeassistenzhundepfotenimgrund.de/.cm4all/uproc.php/0/Galerie/IMG-20240801-WA0009.jpg?_=1929102ae48;IMG-20240801-WA0009.jpg;969;621;/einblicke/training/;https://helfendeassistenzhundepfotenimgrund.de/.cm4all/uproc.php/0/Galerie/.IMG-20240801-WA0009.jpg/picture-1200?_=1929102ae48
images/galerie/training/hundetraining-005.jpg;https://helfendeassistenzhundepfotenimgrund.de/galerie/;https://helfendeassistenzhundepfotenimgrund.de/.cm4all/uproc.php/0/Galerie/IMG-20240628-WA0027.jpg?_=19291028738;IMG-20240628-WA0027.jpg;467;621;/einblicke/training/;https://helfendeassistenzhundepfotenimgrund.de/.cm4all/uproc.php/0/Galerie/.IMG-20240628-WA0027.jpg/picture-1200?_=19291028738
images/galerie/training/hundetraining-006.jpg;https://helfendeassistenzhundepfotenimgrund.de/galerie/;https://helfendeassistenzhundepfotenimgrund.de/.cm4all/uproc.php/0/Galerie/20240413_134426.jpg?_=190d0555278;20240413_134426.jpg;779;615;/einblicke/training/;https://helfendeassistenzhundepfotenimgrund.de/.cm4all/uproc.php/0/Galerie/.20240413_134426.jpg/picture-1200?_=190d0555278
images/galerie/training/hundetraining-007.jpg;https://helfendeassistenzhundepfotenimgrund.de/galerie/;https://helfendeassistenzhundepfotenimgrund.de/.cm4all/uproc.php/0/Galerie/20161229_144343.jpg?_=190b5853f58;20161229_144343.jpg;1200;1600;/einblicke/training/;https://helfendeassistenzhundepfotenimgrund.de/.cm4all/uproc.php/0/Galerie/.20161229_144343.jpg/picture-1200?_=190b5853f58
images/galerie/training/hundetraining-008.jpg;https://helfendeassistenzhundepfotenimgrund.de/galerie/;https://helfendeassistenzhundepfotenimgrund.de/.cm4all/uproc.php/0/Galerie/20161230_140838.jpg?_=190b58533a0;20161230_140838.jpg;1200;1600;/einblicke/training/;https://helfendeassistenzhundepfotenimgrund.de/.cm4all/uproc.php/0/Galerie/.20161230_140838.jpg/picture-1200?_=190b58533a0
images/galerie/training/hundetraining-009.jpg;https://helfendeassistenzhundepfotenimgrund.de/galerie/ | https://helfendeassistenzhundepfotenimgrund.de/psb-assistenzhunde/;https://helfendeassistenzhundepfotenimgrund.de/.cm4all/uproc.php/0/Galerie/20161230_153005.jpg?_=190b5852400;20161230_153005.jpg;1200;1600;/einblicke/training/;https://helfendeassistenzhundepfotenimgrund.de/.cm4all/uproc.php/0/Galerie/.20161230_153005.jpg/picture-1200?_=190b5852400
images/galerie/training/hundetraining-010.jpg;https://helfendeassistenzhundepfotenimgrund.de/galerie/;https://helfendeassistenzhundepfotenimgrund.de/.cm4all/uproc.php/0/Galerie/20170118_144015.jpg?_=190b5851c30;20170118_144015.jpg;1200;1600;/einblicke/training/;https://helfendeassistenzhundepfotenimgrund.de/.cm4all/uproc.php/0/Galerie/.20170118_144015.jpg/picture-1200?_=190b5851c30
images/galerie/training/hundetraining-011.jpg;https://helfendeassistenzhundepfotenimgrund.de/galerie/;https://helfendeassistenzhundepfotenimgrund.de/.cm4all/uproc.php/0/Galerie/20170223_190116.jpg?_=190b58500d8;20170223_190116.jpg;1200;1600;/einblicke/training/;https://helfendeassistenzhundepfotenimgrund.de/.cm4all/uproc.php/0/Galerie/.20170223_190116.jpg/picture-1200?_=190b58500d8
images/galerie/training/hundetraining-012.jpg;https://helfendeassistenzhundepfotenimgrund.de/galerie/;https://helfendeassistenzhundepfotenimgrund.de/.cm4all/uproc.php/0/Galerie/20170224_175417%20(1).jpg?_=190b584ed50;20170224_175417 (1).jpg;1200;1163;/einblicke/training/;https://helfendeassistenzhundepfotenimgrund.de/.cm4all/uproc.php/0/Galerie/.20170224_175417%20(1).jpg/picture-1200?_=190b584ed50
images/galerie/training/hundetraining-013.jpg;https://helfendeassistenzhundepfotenimgrund.de/galerie/;https://helfendeassistenzhundepfotenimgrund.de/.cm4all/uproc.php/0/Galerie/20170918_140926.jpg?_=190b584ddb0;20170918_140926.jpg;1678;1762;/einblicke/training/;https://helfendeassistenzhundepfotenimgrund.de/.cm4all/uproc.php/0/Galerie/20170918_140926.jpg?_=190b584ddb0
images/galerie/training/hundetraining-014.jpg;https://helfendeassistenzhundepfotenimgrund.de/galerie/;https://helfendeassistenzhundepfotenimgrund.de/.cm4all/uproc.php/0/Galerie/20170920_150450.jpg?_=190b584d9c8;20170920_150450.jpg;1944;2592;/einblicke/training/;https://helfendeassistenzhundepfotenimgrund.de/.cm4all/uproc.php/0/Galerie/20170920_150450.jpg?_=190b584d9c8
images/galerie/training/hundetraining-015.jpg;https://helfendeassistenzhundepfotenimgrund.de/galerie/;https://helfendeassistenzhundepfotenimgrund.de/.cm4all/uproc.php/0/Galerie/20170924_135819.jpg?_=190b584c640;20170924_135819.jpg;1944;2592;/einblicke/training/;https://helfendeassistenzhundepfotenimgrund.de/.cm4all/uproc.php/0/Galerie/20170924_135819.jpg?_=190b584c640
images/galerie/training/hundetraining-016.jpg;https://helfendeassistenzhundepfotenimgrund.de/galerie/;https://helfendeassistenzhundepfotenimgrund.de/.cm4all/uproc.php/0/Galerie/20170924_142542.jpg?_=190b584ba88;20170924_142542.jpg;1944;2592;/einblicke/training/;https://helfendeassistenzhundepfotenimgrund.de/.cm4all/uproc.php/0/Galerie/20170924_142542.jpg?_=190b584ba88
images/galerie/training/hundetraining-017.jpg;https://helfendeassistenzhundepfotenimgrund.de/galerie/;https://helfendeassistenzhundepfotenimgrund.de/.cm4all/uproc.php/0/Galerie/20170924_163224.jpg?_=190b584aed0;20170924_163224.jpg;2322;4128;/einblicke/training/;https://helfendeassistenzhundepfotenimgrund.de/.cm4all/uproc.php/0/Galerie/20170924_163224.jpg?_=190b584aed0
images/galerie/training/hundetraining-018.jpg;https://helfendeassistenzhundepfotenimgrund.de/galerie/;https://helfendeassistenzhundepfotenimgrund.de/.cm4all/uproc.php/0/Galerie/20200526_141942.jpg?_=190b5846c68;20200526_141942.jpg;2322;4128;/einblicke/training/;https://helfendeassistenzhundepfotenimgrund.de/.cm4all/uproc.php/0/Galerie/20200526_141942.jpg?_=190b5846c68
images/galerie/training/hundetraining-019.jpg;https://helfendeassistenzhundepfotenimgrund.de/galerie/;https://helfendeassistenzhundepfotenimgrund.de/.cm4all/uproc.php/0/Galerie/20200526_142720.jpg?_=190b58454f8;20200526_142720.jpg;4128;2322;/einblicke/training/;https://helfendeassistenzhundepfotenimgrund.de/.cm4all/uproc.php/0/Galerie/20200526_142720.jpg?_=190b58454f8
images/galerie/training/hundetraining-020.jpg;https://helfendeassistenzhundepfotenimgrund.de/galerie/;https://helfendeassistenzhundepfotenimgrund.de/.cm4all/uproc.php/0/Galerie/20200530_170207.jpg?_=190b5844940;20200530_170207.jpg;2322;4128;/einblicke/training/;https://helfendeassistenzhundepfotenimgrund.de/.cm4all/uproc.php/0/Galerie/20200530_170207.jpg?_=190b5844940
images/galerie/training/hundetraining-021.jpg;https://helfendeassistenzhundepfotenimgrund.de/galerie/;https://helfendeassistenzhundepfotenimgrund.de/.cm4all/uproc.php/0/Galerie/20200531_150739.jpg?_=190b58431d0;20200531_150739.jpg;2322;3056;/einblicke/training/;https://helfendeassistenzhundepfotenimgrund.de/.cm4all/uproc.php/0/Galerie/20200531_150739.jpg?_=190b58431d0
images/galerie/training/hundetraining-022.jpg;https://helfendeassistenzhundepfotenimgrund.de/galerie/;https://helfendeassistenzhundepfotenimgrund.de/.cm4all/uproc.php/0/Galerie/20231208_175007.jpg?_=190b581e010;20231208_175007.jpg;3456;4608;/einblicke/training/;https://helfendeassistenzhundepfotenimgrund.de/.cm4all/uproc.php/0/Galerie/20231208_175007.jpg?_=190b581e010
images/galerie/training/hundetraining-023.jpg;https://helfendeassistenzhundepfotenimgrund.de/galerie/;https://helfendeassistenzhundepfotenimgrund.de/.cm4all/uproc.php/0/Galerie/20240524_094306.jpg?_=18fadca9570;20240524_094306.jpg;2240;4608;/einblicke/training/;https://helfendeassistenzhundepfotenimgrund.de/.cm4all/uproc.php/0/Galerie/20240524_094306.jpg?_=18fadca9570
images/galerie/training/hundetraining-025.jpg;https://helfendeassistenzhundepfotenimgrund.de/galerie/;https://helfendeassistenzhundepfotenimgrund.de/.cm4all/uproc.php/0/Galerie/20240524_091217.jpg?_=18fadcac068;20240524_091217.jpg;2240;4608;/einblicke/training/;https://helfendeassistenzhundepfotenimgrund.de/.cm4all/uproc.php/0/Galerie/20240524_091217.jpg?_=18fadcac068
images/galerie/training/hundetraining-026.jpg;https://helfendeassistenzhundepfotenimgrund.de/galerie/;https://helfendeassistenzhundepfotenimgrund.de/.cm4all/uproc.php/0/Galerie/20240513_173148.jpg?_=18fadbf3b30;20240513_173148.jpg;2322;4128;/einblicke/training/;https://helfendeassistenzhundepfotenimgrund.de/.cm4all/uproc.php/0/Galerie/20240513_173148.jpg?_=18fadbf3b30
images/galerie/training/hundetraining-027.jpg;https://helfendeassistenzhundepfotenimgrund.de/galerie/;https://helfendeassistenzhundepfotenimgrund.de/.cm4all/uproc.php/0/Galerie/20240502_163219.jpg?_=18fadbec600;20240502_163219.jpg;2240;4608;/einblicke/training/;https://helfendeassistenzhundepfotenimgrund.de/.cm4all/uproc.php/0/Galerie/20240502_163219.jpg?_=18fadbec600
images/galerie/training/hundetraining-028.jpg;https://helfendeassistenzhundepfotenimgrund.de/galerie/;https://helfendeassistenzhundepfotenimgrund.de/.cm4all/uproc.php/0/Galerie/20240425_160743.jpg?_=18fadbe8398;20240425_160743.jpg;3096;4128;/einblicke/training/;https://helfendeassistenzhundepfotenimgrund.de/.cm4all/uproc.php/0/Galerie/20240425_160743.jpg?_=18fadbe8398
images/galerie/training/hundetraining-029.jpg;https://helfendeassistenzhundepfotenimgrund.de/galerie/;https://helfendeassistenzhundepfotenimgrund.de/.cm4all/uproc.php/0/Galerie/20240425_160924.jpg?_=18fadbe6840;20240425_160924.jpg;2122;2347;/einblicke/training/;https://helfendeassistenzhundepfotenimgrund.de/.cm4all/uproc.php/0/Galerie/20240425_160924.jpg?_=18fadbe6840
images/galerie/training/hundetraining-030.jpg;https://helfendeassistenzhundepfotenimgrund.de/galerie/;https://helfendeassistenzhundepfotenimgrund.de/.cm4all/uproc.php/0/Galerie/20240425_153815.jpg?_=18fadbe6070;20240425_153815.jpg;3096;4128;/einblicke/training/;https://helfendeassistenzhundepfotenimgrund.de/.cm4all/uproc.php/0/Galerie/20240425_153815.jpg?_=18fadbe6070
images/galerie/training/hundetraining-031.jpg;https://helfendeassistenzhundepfotenimgrund.de/galerie/;https://helfendeassistenzhundepfotenimgrund.de/.cm4all/uproc.php/0/Galerie/20170223_185628.jpg?_=18ebeeb0890;20170223_185628.jpg;674;897;/einblicke/training/;https://helfendeassistenzhundepfotenimgrund.de/.cm4all/uproc.php/0/Galerie/20170223_185628.jpg?_=18ebeeb0890
images/galerie/training/hundetraining-032.jpg;https://helfendeassistenzhundepfotenimgrund.de/galerie/;https://helfendeassistenzhundepfotenimgrund.de/.cm4all/uproc.php/0/Galerie/20170912_113839.jpg?_=18ebee92430;20170912_113839.jpg;674;897;/einblicke/training/;https://helfendeassistenzhundepfotenimgrund.de/.cm4all/uproc.php/0/Galerie/20170912_113839.jpg?_=18ebee92430
images/galerie/training/hundetraining-033.jpg;https://helfendeassistenzhundepfotenimgrund.de/galerie/;https://helfendeassistenzhundepfotenimgrund.de/.cm4all/uproc.php/0/Galerie/20250703_213221.jpg?_=198d55c4dc8;20250703_213221.jpg;381;827;/einblicke/training/;https://helfendeassistenzhundepfotenimgrund.de/.cm4all/uproc.php/0/Galerie/20250703_213221.jpg?_=198d55c4dc8
images/galerie/training/hundetraining-034.jpg;https://helfendeassistenzhundepfotenimgrund.de/galerie/;https://helfendeassistenzhundepfotenimgrund.de/.cm4all/uproc.php/0/Galerie/20250704_062020.jpg%20Amadeus.jpg?_=198d5584688;20250704_062020.jpg Amadeus.jpg;797;827;/einblicke/training/;https://helfendeassistenzhundepfotenimgrund.de/.cm4all/uproc.php/0/Galerie/20250704_062020.jpg%20Amadeus.jpg?_=198d5584688
images/galerie/training/hundetraining-035.jpg;https://helfendeassistenzhundepfotenimgrund.de/galerie/;https://helfendeassistenzhundepfotenimgrund.de/.cm4all/uproc.php/0/Galerie/Kirschmarkt%2020250703_180850.jpg?_=198d557d540;Kirschmarkt 20250703_180850.jpg;600;827;/einblicke/training/;https://helfendeassistenzhundepfotenimgrund.de/.cm4all/uproc.php/0/Galerie/Kirschmarkt%2020250703_180850.jpg?_=198d557d540
images/galerie/training/hundetraining-039.jpg;https://helfendeassistenzhundepfotenimgrund.de/galerie/;https://helfendeassistenzhundepfotenimgrund.de/.cm4all/uproc.php/0/Galerie/Joschi%2020250714_155723.jpg?_=198d55744b8;Joschi 20250714_155723.jpg;381;827;/einblicke/training/;https://helfendeassistenzhundepfotenimgrund.de/.cm4all/uproc.php/0/Galerie/Joschi%2020250714_155723.jpg?_=198d55744b8
images/galerie/training/hundetraining-040.jpg;https://helfendeassistenzhundepfotenimgrund.de/galerie/;https://helfendeassistenzhundepfotenimgrund.de/.cm4all/uproc.php/0/Galerie/Joschi%2020250714_065919.jpg?_=198d5573130;Joschi 20250714_065919.jpg;1790;827;/einblicke/training/;https://helfendeassistenzhundepfotenimgrund.de/.cm4all/uproc.php/0/Galerie/Joschi%2020250714_065919.jpg?_=198d5573130
images/galerie/training/hundetraining-041.jpg;https://helfendeassistenzhundepfotenimgrund.de/galerie/;https://helfendeassistenzhundepfotenimgrund.de/.cm4all/uproc.php/0/Galerie/joschi%2020250703_190019.jpg?_=198d55715d8;joschi 20250703_190019.jpg;662;827;/einblicke/training/;https://helfendeassistenzhundepfotenimgrund.de/.cm4all/uproc.php/0/Galerie/joschi%2020250703_190019.jpg?_=198d55715d8
images/galerie/training/hundetraining-042.jpg;https://helfendeassistenzhundepfotenimgrund.de/galerie/;https://helfendeassistenzhundepfotenimgrund.de/.cm4all/uproc.php/0/Galerie/in%20der%20S%20Bahn%2020250726_103624.jpg?_=198d5570638;in der S Bahn 20250726_103624.jpg;381;827;/einblicke/training/;https://helfendeassistenzhundepfotenimgrund.de/.cm4all/uproc.php/0/Galerie/in%20der%20S%20Bahn%2020250726_103624.jpg?_=198d5570638
images/galerie/training/hundetraining-043.jpg;https://helfendeassistenzhundepfotenimgrund.de/galerie/ | https://helfendeassistenzhundepfotenimgrund.de/lpf-assistenzhunde/;https://helfendeassistenzhundepfotenimgrund.de/.cm4all/uproc.php/0/Galerie/Forum%2020250607_134143.jpg?_=198d556fa80;Forum 20250607_134143.jpg;573;827;/einblicke/training/;https://helfendeassistenzhundepfotenimgrund.de/.cm4all/uproc.php/0/Galerie/Forum%2020250607_134143.jpg?_=198d556fa80
images/galerie/training/hundetraining-044.jpg;https://helfendeassistenzhundepfotenimgrund.de/galerie/;https://helfendeassistenzhundepfotenimgrund.de/.cm4all/uproc.php/0/Galerie/Bahnhof%2020250726_104925.jpg?_=198d556e310;Bahnhof 20250726_104925.jpg;381;827;/einblicke/training/;https://helfendeassistenzhundepfotenimgrund.de/.cm4all/uproc.php/0/Galerie/Bahnhof%2020250726_104925.jpg?_=198d556e310
images/galerie/training/hundetraining-045.jpg;https://helfendeassistenzhundepfotenimgrund.de/galerie/;https://helfendeassistenzhundepfotenimgrund.de/.cm4all/uproc.php/0/Galerie/Bahnhof%2020250623_164259.jpg?_=198d556df28;Bahnhof 20250623_164259.jpg;1035;827;/einblicke/training/;https://helfendeassistenzhundepfotenimgrund.de/.cm4all/uproc.php/0/Galerie/Bahnhof%2020250623_164259.jpg?_=198d556df28
images/galerie/training/hundetraining-046.jpg;https://helfendeassistenzhundepfotenimgrund.de/galerie/;https://helfendeassistenzhundepfotenimgrund.de/.cm4all/uproc.php/0/Galerie/Aufzug%20fahren%2020250726_103951.jpg?_=198d556cba0;Aufzug fahren 20250726_103951.jpg;381;827;/einblicke/training/;https://helfendeassistenzhundepfotenimgrund.de/.cm4all/uproc.php/0/Galerie/Aufzug%20fahren%2020250726_103951.jpg?_=198d556cba0
images/galerie/training/hundetraining-047.jpg;https://helfendeassistenzhundepfotenimgrund.de/galerie/;https://helfendeassistenzhundepfotenimgrund.de/.cm4all/uproc.php/0/Galerie/Auf%20der%20F%C3%A4hre%20von%20Schweden%2020250531_104741-EDIT.jpg?_=198d556bc00;Auf der Fähre von Schweden 20250531_104741-EDIT.jpg;381;827;/einblicke/training/;https://helfendeassistenzhundepfotenimgrund.de/.cm4all/uproc.php/0/Galerie/Auf%20der%20F%C3%A4hre%20von%20Schweden%2020250531_104741-EDIT.jpg?_=198d556bc00
images/galerie/training/hundetraining-048.jpg;https://helfendeassistenzhundepfotenimgrund.de/galerie/ | https://helfendeassistenzhundepfotenimgrund.de/psb-assistenzhunde/;https://helfendeassistenzhundepfotenimgrund.de/.cm4all/uproc.php/0/Galerie/20250505_183503.jpg?_=198d555fc98;20250505_183503.jpg;989;827;/einblicke/training/;https://helfendeassistenzhundepfotenimgrund.de/.cm4all/uproc.php/0/Galerie/20250505_183503.jpg?_=198d555fc98
images/galerie/training/hundetraining-049.jpg;https://helfendeassistenzhundepfotenimgrund.de/galerie/;https://helfendeassistenzhundepfotenimgrund.de/.cm4all/uproc.php/0/Galerie/20250505_180948.jpg?_=198d555f0e0;20250505_180948.jpg;543;827;/einblicke/training/;https://helfendeassistenzhundepfotenimgrund.de/.cm4all/uproc.php/0/Galerie/20250505_180948.jpg?_=198d555f0e0
images/galerie/training/hundetraining-050.jpg;https://helfendeassistenzhundepfotenimgrund.de/galerie/;https://helfendeassistenzhundepfotenimgrund.de/.cm4all/uproc.php/0/Galerie/20250430_174823.jpg?_=198d555cdb8;20250430_174823.jpg;381;827;/einblicke/training/;https://helfendeassistenzhundepfotenimgrund.de/.cm4all/uproc.php/0/Galerie/20250430_174823.jpg?_=198d555cdb8
images/galerie/training/hundetraining-051.jpg;https://helfendeassistenzhundepfotenimgrund.de/galerie/;https://helfendeassistenzhundepfotenimgrund.de/.cm4all/uproc.php/0/Galerie/20250420_162320.jpg?_=198d5558b50;20250420_162320.jpg;381;827;/einblicke/training/;https://helfendeassistenzhundepfotenimgrund.de/.cm4all/uproc.php/0/Galerie/20250420_162320.jpg?_=198d5558b50
images/galerie/training/hundetraining-052.jpg;https://helfendeassistenzhundepfotenimgrund.de/galerie/;https://helfendeassistenzhundepfotenimgrund.de/.cm4all/uproc.php/0/Galerie/20250413_105539.jpg?_=198d5557f98;20250413_105539.jpg;539;827;/einblicke/training/;https://helfendeassistenzhundepfotenimgrund.de/.cm4all/uproc.php/0/Galerie/20250413_105539.jpg?_=198d5557f98
images/galerie/training/hundetraining-053.jpg;https://helfendeassistenzhundepfotenimgrund.de/galerie/;https://helfendeassistenzhundepfotenimgrund.de/.cm4all/uproc.php/0/Galerie/20250405_131110.jpg?_=198d5554cd0;20250405_131110.jpg;684;418;/einblicke/training/;https://helfendeassistenzhundepfotenimgrund.de/.cm4all/uproc.php/0/Galerie/20250405_131110.jpg?_=198d5554cd0
images/galerie/training/hundetraining-054.jpg;https://helfendeassistenzhundepfotenimgrund.de/galerie/;https://helfendeassistenzhundepfotenimgrund.de/.cm4all/uproc.php/0/Galerie/20250319_103405.jpg?_=198d554eb28;20250319_103405.jpg;381;827;/einblicke/training/;https://helfendeassistenzhundepfotenimgrund.de/.cm4all/uproc.php/0/Galerie/20250319_103405.jpg?_=198d554eb28
images/galerie/training/hundetraining-055.jpg;https://helfendeassistenzhundepfotenimgrund.de/galerie/;https://helfendeassistenzhundepfotenimgrund.de/.cm4all/uproc.php/0/Galerie/20250313_162303.jpg?_=198d554d7a0;20250313_162303.jpg;381;827;/einblicke/training/;https://helfendeassistenzhundepfotenimgrund.de/.cm4all/uproc.php/0/Galerie/20250313_162303.jpg?_=198d554d7a0
images/galerie/training/hundetraining-056.jpg;https://helfendeassistenzhundepfotenimgrund.de/aktuelles/ | https://helfendeassistenzhundepfotenimgrund.de/galerie/;https://helfendeassistenzhundepfotenimgrund.de/.cm4all/uproc.php/0/Galerie/20250306_190526.jpg?_=198d554b860;20250306_190526.jpg;675;827;/aktuelles/ | /einblicke/training/;https://helfendeassistenzhundepfotenimgrund.de/.cm4all/uproc.php/0/Galerie/.20250306_190526.jpg/picture-1200?_=198d554b860
images/galerie/training/hundetraining-057.jpg;https://helfendeassistenzhundepfotenimgrund.de/galerie/;https://helfendeassistenzhundepfotenimgrund.de/.cm4all/uproc.php/0/Galerie/20250308_105453.jpg?_=198d554a4d8;20250308_105453.jpg;963;827;/einblicke/training/;https://helfendeassistenzhundepfotenimgrund.de/.cm4all/uproc.php/0/Galerie/20250308_105453.jpg?_=198d554a4d8
images/galerie/training/hundetraining-058.jpg;https://helfendeassistenzhundepfotenimgrund.de/galerie/;https://helfendeassistenzhundepfotenimgrund.de/.cm4all/uproc.php/0/Galerie/20250218_174329.jpg?_=198d5549d08;20250218_174329.jpg;381;827;/einblicke/training/;https://helfendeassistenzhundepfotenimgrund.de/.cm4all/uproc.php/0/Galerie/20250218_174329.jpg?_=198d5549d08
images/galerie/training/hundetraining-059.jpg;https://helfendeassistenzhundepfotenimgrund.de/galerie/;https://helfendeassistenzhundepfotenimgrund.de/.cm4all/uproc.php/0/Galerie/20250218_153149.jpg?_=198d5548d68;20250218_153149.jpg;381;827;/einblicke/training/;https://helfendeassistenzhundepfotenimgrund.de/.cm4all/uproc.php/0/Galerie/20250218_153149.jpg?_=198d5548d68
images/galerie/training/hundetraining-060.jpg;https://helfendeassistenzhundepfotenimgrund.de/galerie/;https://helfendeassistenzhundepfotenimgrund.de/.cm4all/uproc.php/0/Galerie/20250217_172808.jpg?_=198d55475f8;20250217_172808.jpg;1154;827;/einblicke/training/;https://helfendeassistenzhundepfotenimgrund.de/.cm4all/uproc.php/0/Galerie/20250217_172808.jpg?_=198d55475f8
images/galerie/training/hundetraining-061.jpg;https://helfendeassistenzhundepfotenimgrund.de/galerie/;https://helfendeassistenzhundepfotenimgrund.de/.cm4all/uproc.php/0/Galerie/20250218_152144.jpg?_=198d5546658;20250218_152144.jpg;482;827;/einblicke/training/;https://helfendeassistenzhundepfotenimgrund.de/.cm4all/uproc.php/0/Galerie/20250218_152144.jpg?_=198d5546658
images/galerie/training/hundetraining-062.jpg;https://helfendeassistenzhundepfotenimgrund.de/galerie/;https://helfendeassistenzhundepfotenimgrund.de/.cm4all/uproc.php/0/Galerie/20250217_172403.jpg?_=198d5544ee8;20250217_172403.jpg;381;827;/einblicke/training/;https://helfendeassistenzhundepfotenimgrund.de/.cm4all/uproc.php/0/Galerie/20250217_172403.jpg?_=198d5544ee8
images/galerie/training/hundetraining-063.jpg;https://helfendeassistenzhundepfotenimgrund.de/galerie/;https://helfendeassistenzhundepfotenimgrund.de/.cm4all/uproc.php/0/Galerie/20250205_182109.jpg?_=198d5543f48;20250205_182109.jpg;519;827;/einblicke/training/;https://helfendeassistenzhundepfotenimgrund.de/.cm4all/uproc.php/0/Galerie/20250205_182109.jpg?_=198d5543f48
images/galerie/training/hundetraining-064.jpg;https://helfendeassistenzhundepfotenimgrund.de/galerie/;https://helfendeassistenzhundepfotenimgrund.de/.cm4all/uproc.php/0/Galerie/20250201_152324.jpg?_=198d5542008;20250201_152324.jpg;381;827;/einblicke/training/;https://helfendeassistenzhundepfotenimgrund.de/.cm4all/uproc.php/0/Galerie/20250201_152324.jpg?_=198d5542008
images/galerie/training/hundetraining-065.jpg;https://helfendeassistenzhundepfotenimgrund.de/galerie/;https://helfendeassistenzhundepfotenimgrund.de/.cm4all/uproc.php/0/Galerie/20250124_162555.jpg?_=198d5541068;20250124_162555.jpg;381;827;/einblicke/training/;https://helfendeassistenzhundepfotenimgrund.de/.cm4all/uproc.php/0/Galerie/20250124_162555.jpg?_=198d5541068
images/galerie/training/hundetraining-066.jpg;https://helfendeassistenzhundepfotenimgrund.de/galerie/;https://helfendeassistenzhundepfotenimgrund.de/.cm4all/uproc.php/0/Galerie/20250124_151218.jpg?_=198d55404b0;20250124_151218.jpg;381;827;/einblicke/training/;https://helfendeassistenzhundepfotenimgrund.de/.cm4all/uproc.php/0/Galerie/20250124_151218.jpg?_=198d55404b0
images/galerie/training/hundetraining-067.jpg;https://helfendeassistenzhundepfotenimgrund.de/galerie/;https://helfendeassistenzhundepfotenimgrund.de/.cm4all/uproc.php/0/Galerie/20250123_173019.jpg?_=198d553c630;20250123_173019.jpg;1790;827;/einblicke/training/;https://helfendeassistenzhundepfotenimgrund.de/.cm4all/uproc.php/0/Galerie/20250123_173019.jpg?_=198d553c630
images/galerie/training/hundetraining-068.jpg;https://helfendeassistenzhundepfotenimgrund.de/galerie/;https://helfendeassistenzhundepfotenimgrund.de/.cm4all/uproc.php/0/Galerie/20240621_171102.jpg?_=192914a84e8;20240621_171102.jpg;467;621;/einblicke/training/;https://helfendeassistenzhundepfotenimgrund.de/.cm4all/uproc.php/0/Galerie/20240621_171102.jpg?_=192914a84e8
images/galerie/training/hundetraining-069.jpg;https://helfendeassistenzhundepfotenimgrund.de/galerie/;https://helfendeassistenzhundepfotenimgrund.de/.cm4all/uproc.php/0/Galerie/20250430_173038.jpg?_=19be77bc170;20250430_173038.jpg;564;827;/einblicke/training/;https://helfendeassistenzhundepfotenimgrund.de/.cm4all/uproc.php/0/Galerie/20250430_173038.jpg?_=19be77bc170
images/galerie/training/hundetraining-070.jpg;https://helfendeassistenzhundepfotenimgrund.de/galerie/;https://helfendeassistenzhundepfotenimgrund.de/.cm4all/uproc.php/0/Galerie/20250430_191807.jpg?_=19be77bb9a0;20250430_191807.jpg;381;827;/einblicke/training/;https://helfendeassistenzhundepfotenimgrund.de/.cm4all/uproc.php/0/Galerie/20250430_191807.jpg?_=19be77bb9a0
images/galerie/training/hundetraining-071.jpg;https://helfendeassistenzhundepfotenimgrund.de/galerie/;https://helfendeassistenzhundepfotenimgrund.de/.cm4all/uproc.php/0/Galerie/20250502_182339.jpg?_=19be77bb5b8;20250502_182339.jpg;381;827;/einblicke/training/;https://helfendeassistenzhundepfotenimgrund.de/.cm4all/uproc.php/0/Galerie/20250502_182339.jpg?_=19be77bb5b8
images/galerie/training/hundetraining-072.jpg;https://helfendeassistenzhundepfotenimgrund.de/galerie/;https://helfendeassistenzhundepfotenimgrund.de/.cm4all/uproc.php/0/Galerie/20250505_172250.jpg?_=19be77bb5b8;20250505_172250.jpg;381;827;/einblicke/training/;https://helfendeassistenzhundepfotenimgrund.de/.cm4all/uproc.php/0/Galerie/20250505_172250.jpg?_=19be77bb5b8
images/galerie/training/hundetraining-073.jpg;https://helfendeassistenzhundepfotenimgrund.de/galerie/;https://helfendeassistenzhundepfotenimgrund.de/.cm4all/uproc.php/0/Galerie/20250505_183607.jpg?_=19be77bade8;20250505_183607.jpg;381;827;/einblicke/training/;https://helfendeassistenzhundepfotenimgrund.de/.cm4all/uproc.php/0/Galerie/20250505_183607.jpg?_=19be77bade8
images/galerie/training/hundetraining-074.jpg;https://helfendeassistenzhundepfotenimgrund.de/galerie/;https://helfendeassistenzhundepfotenimgrund.de/.cm4all/uproc.php/0/Galerie/20250506_174326.jpg?_=19be77ba230;20250506_174326.jpg;729;827;/einblicke/training/;https://helfendeassistenzhundepfotenimgrund.de/.cm4all/uproc.php/0/Galerie/20250506_174326.jpg?_=19be77ba230
images/galerie/training/hundetraining-075.jpg;https://helfendeassistenzhundepfotenimgrund.de/galerie/;https://helfendeassistenzhundepfotenimgrund.de/.cm4all/uproc.php/0/Galerie/20250507_182013.jpg?_=19be77ba230;20250507_182013.jpg;381;827;/einblicke/training/;https://helfendeassistenzhundepfotenimgrund.de/.cm4all/uproc.php/0/Galerie/20250507_182013.jpg?_=19be77ba230
images/galerie/training/hundetraining-076.jpg;https://helfendeassistenzhundepfotenimgrund.de/galerie/;https://helfendeassistenzhundepfotenimgrund.de/.cm4all/uproc.php/0/Galerie/20250508_162718.jpg?_=19be77b9a60;20250508_162718.jpg;381;827;/einblicke/training/;https://helfendeassistenzhundepfotenimgrund.de/.cm4all/uproc.php/0/Galerie/20250508_162718.jpg?_=19be77b9a60
images/galerie/training/hundetraining-077.jpg;https://helfendeassistenzhundepfotenimgrund.de/galerie/;https://helfendeassistenzhundepfotenimgrund.de/.cm4all/uproc.php/0/Galerie/20250512_164334.jpg?_=19be77b8ac0;20250512_164334.jpg;381;827;/einblicke/training/;https://helfendeassistenzhundepfotenimgrund.de/.cm4all/uproc.php/0/Galerie/20250512_164334.jpg?_=19be77b8ac0
images/galerie/training/hundetraining-078.jpg;https://helfendeassistenzhundepfotenimgrund.de/galerie/;https://helfendeassistenzhundepfotenimgrund.de/.cm4all/uproc.php/0/Galerie/20250512_165439.jpg?_=19be77b86d8;20250512_165439.jpg;381;827;/einblicke/training/;https://helfendeassistenzhundepfotenimgrund.de/.cm4all/uproc.php/0/Galerie/20250512_165439.jpg?_=19be77b86d8
images/galerie/training/hundetraining-079.jpg;https://helfendeassistenzhundepfotenimgrund.de/galerie/;https://helfendeassistenzhundepfotenimgrund.de/.cm4all/uproc.php/0/Galerie/20250512_183244.jpg?_=19be77b86d8;20250512_183244.jpg;507;827;/einblicke/training/;https://helfendeassistenzhundepfotenimgrund.de/.cm4all/uproc.php/0/Galerie/20250512_183244.jpg?_=19be77b86d8
images/galerie/training/hundetraining-080.jpg;https://helfendeassistenzhundepfotenimgrund.de/galerie/;https://helfendeassistenzhundepfotenimgrund.de/.cm4all/uproc.php/0/Galerie/20250514_162538.jpg?_=19be77b82f0;20250514_162538.jpg;381;827;/einblicke/training/;https://helfendeassistenzhundepfotenimgrund.de/.cm4all/uproc.php/0/Galerie/20250514_162538.jpg?_=19be77b82f0
images/galerie/training/hundetraining-081.jpg;https://helfendeassistenzhundepfotenimgrund.de/galerie/;https://helfendeassistenzhundepfotenimgrund.de/.cm4all/uproc.php/0/Galerie/20250514_173855.jpg?_=19be77b7f08;20250514_173855.jpg;551;827;/einblicke/training/;https://helfendeassistenzhundepfotenimgrund.de/.cm4all/uproc.php/0/Galerie/20250514_173855.jpg?_=19be77b7f08
images/galerie/training/hundetraining-082.jpg;https://helfendeassistenzhundepfotenimgrund.de/galerie/;https://helfendeassistenzhundepfotenimgrund.de/.cm4all/uproc.php/0/Galerie/20250603_110718.jpg?_=19be77b7b20;20250603_110718.jpg;860;827;/einblicke/training/;https://helfendeassistenzhundepfotenimgrund.de/.cm4all/uproc.php/0/Galerie/20250603_110718.jpg?_=19be77b7b20
images/galerie/training/hundetraining-083.jpg;https://helfendeassistenzhundepfotenimgrund.de/galerie/;https://helfendeassistenzhundepfotenimgrund.de/.cm4all/uproc.php/0/Galerie/20250605_111020.jpg?_=19be77b7b20;20250605_111020.jpg;381;827;/einblicke/training/;https://helfendeassistenzhundepfotenimgrund.de/.cm4all/uproc.php/0/Galerie/20250605_111020.jpg?_=19be77b7b20
images/galerie/training/hundetraining-084.jpg;https://helfendeassistenzhundepfotenimgrund.de/galerie/;https://helfendeassistenzhundepfotenimgrund.de/.cm4all/uproc.php/0/Galerie/20250704_061059.jpg?_=19be77b7738;20250704_061059.jpg;722;827;/einblicke/training/;https://helfendeassistenzhundepfotenimgrund.de/.cm4all/uproc.php/0/Galerie/20250704_061059.jpg?_=19be77b7738
images/galerie/training/hundetraining-085.jpg;https://helfendeassistenzhundepfotenimgrund.de/galerie/;https://helfendeassistenzhundepfotenimgrund.de/.cm4all/uproc.php/0/Galerie/20251018_150155.jpg?_=19be77b6f68;20251018_150155.jpg;653;827;/einblicke/training/;https://helfendeassistenzhundepfotenimgrund.de/.cm4all/uproc.php/0/Galerie/20251018_150155.jpg?_=19be77b6f68
images/galerie/training/hundetraining-086.jpg;https://helfendeassistenzhundepfotenimgrund.de/galerie/;https://helfendeassistenzhundepfotenimgrund.de/.cm4all/uproc.php/0/Galerie/20251018_150739.jpg?_=19be77b6f68;20251018_150739.jpg;756;827;/einblicke/training/;https://helfendeassistenzhundepfotenimgrund.de/.cm4all/uproc.php/0/Galerie/20251018_150739.jpg?_=19be77b6f68
images/galerie/training/hundetraining-087.jpg;https://helfendeassistenzhundepfotenimgrund.de/galerie/;https://helfendeassistenzhundepfotenimgrund.de/.cm4all/uproc.php/0/Galerie/20251018_150930.jpg?_=19be77b6b80;20251018_150930.jpg;702;827;/einblicke/training/;https://helfendeassistenzhundepfotenimgrund.de/.cm4all/uproc.php/0/Galerie/20251018_150930.jpg?_=19be77b6b80
images/galerie/training/hundetraining-088.jpg;https://helfendeassistenzhundepfotenimgrund.de/galerie/;https://helfendeassistenzhundepfotenimgrund.de/.cm4all/uproc.php/0/Galerie/20251019_134825.jpg?_=19be77b6798;20251019_134825.jpg;381;827;/einblicke/training/;https://helfendeassistenzhundepfotenimgrund.de/.cm4all/uproc.php/0/Galerie/20251019_134825.jpg?_=19be77b6798
images/galerie/training/hundetraining-089.jpg;https://helfendeassistenzhundepfotenimgrund.de/galerie/;https://helfendeassistenzhundepfotenimgrund.de/.cm4all/uproc.php/0/Galerie/20251022_185509.jpg?_=19be77b5fc8;20251022_185509.jpg;614;827;/einblicke/training/;https://helfendeassistenzhundepfotenimgrund.de/.cm4all/uproc.php/0/Galerie/20251022_185509.jpg?_=19be77b5fc8
images/galerie/training/hundetraining-090.jpg;https://helfendeassistenzhundepfotenimgrund.de/galerie/;https://helfendeassistenzhundepfotenimgrund.de/.cm4all/uproc.php/0/Galerie/20251023_173537.jpg?_=19be77b5fc8;20251023_173537.jpg;1790;827;/einblicke/training/;https://helfendeassistenzhundepfotenimgrund.de/.cm4all/uproc.php/0/Galerie/20251023_173537.jpg?_=19be77b5fc8
images/galerie/training/hundetraining-091.jpg;https://helfendeassistenzhundepfotenimgrund.de/galerie/;https://helfendeassistenzhundepfotenimgrund.de/.cm4all/uproc.php/0/Galerie/20251027_144349.jpg?_=19be77b5be0;20251027_144349.jpg;1085;827;/einblicke/training/;https://helfendeassistenzhundepfotenimgrund.de/.cm4all/uproc.php/0/Galerie/20251027_144349.jpg?_=19be77b5be0
images/galerie/training/hundetraining-092.jpg;https://helfendeassistenzhundepfotenimgrund.de/galerie/;https://helfendeassistenzhundepfotenimgrund.de/.cm4all/uproc.php/0/Galerie/20251104_125441.jpg?_=19be77b5028;20251104_125441.jpg;381;827;/einblicke/training/;https://helfendeassistenzhundepfotenimgrund.de/.cm4all/uproc.php/0/Galerie/20251104_125441.jpg?_=19be77b5028
images/galerie/training/hundetraining-093.jpg;https://helfendeassistenzhundepfotenimgrund.de/galerie/;https://helfendeassistenzhundepfotenimgrund.de/.cm4all/uproc.php/0/Galerie/20251106_163236.jpg?_=19be77b5028;20251106_163236.jpg;381;827;/einblicke/training/;https://helfendeassistenzhundepfotenimgrund.de/.cm4all/uproc.php/0/Galerie/20251106_163236.jpg?_=19be77b5028
images/galerie/training/hundetraining-094.jpg;https://helfendeassistenzhundepfotenimgrund.de/galerie/;https://helfendeassistenzhundepfotenimgrund.de/.cm4all/uproc.php/0/Galerie/20251108_100718.jpg?_=19be77b4c40;20251108_100718.jpg;647;827;/einblicke/training/;https://helfendeassistenzhundepfotenimgrund.de/.cm4all/uproc.php/0/Galerie/20251108_100718.jpg?_=19be77b4c40
images/galerie/training/hundetraining-095.jpg;https://helfendeassistenzhundepfotenimgrund.de/galerie/;https://helfendeassistenzhundepfotenimgrund.de/.cm4all/uproc.php/0/Galerie/20251116_153150.jpg?_=19be77b3ca0;20251116_153150.jpg;381;827;/einblicke/training/;https://helfendeassistenzhundepfotenimgrund.de/.cm4all/uproc.php/0/Galerie/20251116_153150.jpg?_=19be77b3ca0
images/galerie/training/hundetraining-096.jpg;https://helfendeassistenzhundepfotenimgrund.de/galerie/;https://helfendeassistenzhundepfotenimgrund.de/.cm4all/uproc.php/0/Galerie/20251116_162218.jpg?_=19be77b38b8;20251116_162218.jpg;381;827;/einblicke/training/;https://helfendeassistenzhundepfotenimgrund.de/.cm4all/uproc.php/0/Galerie/20251116_162218.jpg?_=19be77b38b8
images/galerie/training/hundetraining-097.jpg;https://helfendeassistenzhundepfotenimgrund.de/galerie/;https://helfendeassistenzhundepfotenimgrund.de/.cm4all/uproc.php/0/Galerie/20251120_171543.jpg?_=19be77b38b8;20251120_171543.jpg;698;827;/einblicke/training/;https://helfendeassistenzhundepfotenimgrund.de/.cm4all/uproc.php/0/Galerie/20251120_171543.jpg?_=19be77b38b8
images/galerie/training/hundetraining-098.jpg;https://helfendeassistenzhundepfotenimgrund.de/galerie/;https://helfendeassistenzhundepfotenimgrund.de/.cm4all/uproc.php/0/Galerie/20251130_133726.jpg?_=19be77b30e8;20251130_133726.jpg;381;827;/einblicke/training/;https://helfendeassistenzhundepfotenimgrund.de/.cm4all/uproc.php/0/Galerie/20251130_133726.jpg?_=19be77b30e8
images/galerie/training/hundetraining-099.jpg;https://helfendeassistenzhundepfotenimgrund.de/aktuelles/ | https://helfendeassistenzhundepfotenimgrund.de/galerie/;https://helfendeassistenzhundepfotenimgrund.de/.cm4all/uproc.php/0/Galerie/.20251203_180325.jpg/picture-200?_=19be77b2918;20251203_180325.jpg;200;92;/einblicke/training/;https://helfendeassistenzhundepfotenimgrund.de/.cm4all/uproc.php/0/Galerie/.20251203_180325.jpg/picture-200?_=19be77b2918
images/galerie/training/hundetraining-100.jpg;https://helfendeassistenzhundepfotenimgrund.de/galerie/;https://helfendeassistenzhundepfotenimgrund.de/.cm4all/uproc.php/0/Galerie/20251214_131857.jpg?_=19be77b2148;20251214_131857.jpg;381;827;/einblicke/training/;https://helfendeassistenzhundepfotenimgrund.de/.cm4all/uproc.php/0/Galerie/20251214_131857.jpg?_=19be77b2148
images/galerie/training/hundetraining-101.jpg;https://helfendeassistenzhundepfotenimgrund.de/galerie/;https://helfendeassistenzhundepfotenimgrund.de/.cm4all/uproc.php/0/Galerie/20251214_143434.jpg?_=19be77b1d60;20251214_143434.jpg;381;827;/einblicke/training/;https://helfendeassistenzhundepfotenimgrund.de/.cm4all/uproc.php/0/Galerie/20251214_143434.jpg?_=19be77b1d60
images/galerie/training/hundetraining-102.jpg;https://helfendeassistenzhundepfotenimgrund.de/galerie/;https://helfendeassistenzhundepfotenimgrund.de/.cm4all/uproc.php/0/Galerie/20251214_154410.jpg?_=19be77b1978;20251214_154410.jpg;381;827;/einblicke/training/;https://helfendeassistenzhundepfotenimgrund.de/.cm4all/uproc.php/0/Galerie/20251214_154410.jpg?_=19be77b1978
images/galerie/training/hundetraining-103.jpg;https://helfendeassistenzhundepfotenimgrund.de/galerie/;https://helfendeassistenzhundepfotenimgrund.de/.cm4all/uproc.php/0/Galerie/20251214_160453.jpg?_=19be77b1978;20251214_160453.jpg;381;827;/einblicke/training/;https://helfendeassistenzhundepfotenimgrund.de/.cm4all/uproc.php/0/Galerie/20251214_160453.jpg?_=19be77b1978
images/galerie/training/hundetraining-104.jpg;https://helfendeassistenzhundepfotenimgrund.de/galerie/;https://helfendeassistenzhundepfotenimgrund.de/.cm4all/uproc.php/0/Galerie/20251214_160553.jpg?_=19be77b1590;20251214_160553.jpg;381;827;/einblicke/training/;https://helfendeassistenzhundepfotenimgrund.de/.cm4all/uproc.php/0/Galerie/20251214_160553.jpg?_=19be77b1590
images/galerie/training/hundetraining-105.jpg;https://helfendeassistenzhundepfotenimgrund.de/galerie/;https://helfendeassistenzhundepfotenimgrund.de/.cm4all/uproc.php/0/Galerie/20251229_125503.jpg?_=19be77b09d8;20251229_125503.jpg;381;827;/einblicke/training/;https://helfendeassistenzhundepfotenimgrund.de/.cm4all/uproc.php/0/Galerie/20251229_125503.jpg?_=19be77b09d8
images/galerie/training/hundetraining-106.jpg;https://helfendeassistenzhundepfotenimgrund.de/galerie/;https://helfendeassistenzhundepfotenimgrund.de/.cm4all/uproc.php/0/Galerie/20251231_162924.jpg?_=19be77b05f0;20251231_162924.jpg;963;827;/einblicke/training/;https://helfendeassistenzhundepfotenimgrund.de/.cm4all/uproc.php/0/Galerie/20251231_162924.jpg?_=19be77b05f0
images/galerie/training/hundetraining-107.jpg;https://helfendeassistenzhundepfotenimgrund.de/galerie/;https://helfendeassistenzhundepfotenimgrund.de/.cm4all/uproc.php/0/Galerie/20260103_130025.jpg?_=19be77b0208;20260103_130025.jpg;381;827;/einblicke/training/;https://helfendeassistenzhundepfotenimgrund.de/.cm4all/uproc.php/0/Galerie/20260103_130025.jpg?_=19be77b0208
images/galerie/training/hundetraining-108.jpg;https://helfendeassistenzhundepfotenimgrund.de/galerie/;https://helfendeassistenzhundepfotenimgrund.de/.cm4all/uproc.php/0/Galerie/20260106_165428.jpg?_=19be77afa38;20260106_165428.jpg;1790;827;/einblicke/training/;https://helfendeassistenzhundepfotenimgrund.de/.cm4all/uproc.php/0/Galerie/20260106_165428.jpg?_=19be77afa38
images/galerie/training/hundetraining-109.jpg;https://helfendeassistenzhundepfotenimgrund.de/galerie/ | https://helfendeassistenzhundepfotenimgrund.de/psb-assistenzhunde/;https://helfendeassistenzhundepfotenimgrund.de/.cm4all/uproc.php/0/Galerie/20260106_175914.jpg?_=19be77af650;20260106_175914.jpg;381;827;/einblicke/training/;https://helfendeassistenzhundepfotenimgrund.de/.cm4all/uproc.php/0/Galerie/20260106_175914.jpg?_=19be77af650
images/galerie/training/hundetraining-110.jpg;https://helfendeassistenzhundepfotenimgrund.de/galerie/;https://helfendeassistenzhundepfotenimgrund.de/.cm4all/uproc.php/0/Galerie/20260106_180424.jpg?_=19be77af268;20260106_180424.jpg;381;827;/einblicke/training/;https://helfendeassistenzhundepfotenimgrund.de/.cm4all/uproc.php/0/Galerie/20260106_180424.jpg?_=19be77af268
images/galerie/training/hundetraining-111.jpg;https://helfendeassistenzhundepfotenimgrund.de/galerie/;https://helfendeassistenzhundepfotenimgrund.de/.cm4all/uproc.php/0/Galerie/20260106_182140.jpg?_=19be77aee80;20260106_182140.jpg;1790;827;/einblicke/training/;https://helfendeassistenzhundepfotenimgrund.de/.cm4all/uproc.php/0/Galerie/20260106_182140.jpg?_=19be77aee80
images/hero/sonnenuntergang.jpg;https://helfendeassistenzhundepfotenimgrund.de/ | https://helfendeassistenzhundepfotenimgrund.de/angebote-preise/ | https://helfendeassistenzhundepfotenimgrund.de/ausbildungsformen/ | https://helfendeassistenzhundepfotenimgrund.de/der-assistenzhund/ | https://helfendeassistenzhundepfotenimgrund.de/galerie-assistenzhunde_im_grund/ | https://helfendeassistenzhundepfotenimgrund.de/galerie-calla/ | https://helfendeassistenzhundepfotenimgrund.de/galerie-events/ | https://helfendeassistenzhundepfotenimgrund.de/galerie/ | https://helfendeassistenzhundepfotenimgrund.de/helferhunde-esa/ | https://helfendeassistenzhundepfotenimgrund.de/helferhunde-leistungen-und-preise/ | https://helfendeassistenzhundepfotenimgrund.de/impressum/;https://helfendeassistenzhundepfotenimgrund.de/.cm4all/uproc.php/0/.picture-400.jpg/picture-200?_=18ebc224ba0;picture-400.jpg;512;384;Archiv – derzeit nicht eingebunden;https://helfendeassistenzhundepfotenimgrund.de/.cm4all/uproc.php/0/.picture-400.jpg/picture-1200?_=18ebc224ba0
images/logo/assistenzhundepfoten-logo-02.jpg;https://helfendeassistenzhundepfotenimgrund.de/mantrailing/;https://helfendeassistenzhundepfotenimgrund.de/.cm4all/uproc.php/0/Mantrailing/Eowyn%20SW%20Zeichnung_geschlossen%20neu2.jpg?_=18e9acbdb38;Eowyn SW Zeichnung_geschlossen neu2.jpg;3840;2160;/mantrailing/;https://helfendeassistenzhundepfotenimgrund.de/.cm4all/uproc.php/0/Mantrailing/Eowyn%20SW%20Zeichnung_geschlossen%20neu2.jpg?_=18e9acbdb38
images/logo/assistenzhundepfoten-logo.jpg;https://helfendeassistenzhundepfotenimgrund.de/ | https://helfendeassistenzhundepfotenimgrund.de/Reico-Vertriebspartner/ | https://helfendeassistenzhundepfotenimgrund.de/aktuelles/ | https://helfendeassistenzhundepfotenimgrund.de/angebote-preise/ | https://helfendeassistenzhundepfotenimgrund.de/ausbildungsformen/ | https://helfendeassistenzhundepfotenimgrund.de/der-assistenzhund/ | https://helfendeassistenzhundepfotenimgrund.de/galerie-assistenzhunde_im_grund/ | https://helfendeassistenzhundepfotenimgrund.de/galerie-calla/ | https://helfendeassistenzhundepfotenimgrund.de/galerie-events/ | https://helfendeassistenzhundepfotenimgrund.de/galerie/ | https://helfendeassistenzhundepfotenimgrund.de/helferhunde-esa-ausbildung/ | https://helfendeassistenzhundepfotenimgrund.de/helferhunde-esa/ | https://helfendeassistenzhundepfotenimgrund.de/helferhunde-leistungen-und-preise/ | https://helfendeassistenzhundepfotenimgrund.de/impressum/ | https://helfendeassistenzhundepfotenimgrund.de/kontakt/ | https://helfendeassistenzhundepfotenimgrund.de/lpf-assistenzhunde/ | https://helfendeassistenzhundepfotenimgrund.de/mantrailing/ | https://helfendeassistenzhundepfotenimgrund.de/oeffnungszeiten/ | https://helfendeassistenzhundepfotenimgrund.de/psb-assistenzhunde/ | https://helfendeassistenzhundepfotenimgrund.de/signalassistenzhunde/ | https://helfendeassistenzhundepfotenimgrund.de/ueber-uns/ | https://helfendeassistenzhundepfotenimgrund.de/ueber-uns_qualifikation/ | https://helfendeassistenzhundepfotenimgrund.de/warn-anzeige-assistenzhunde/;https://helfendeassistenzhundepfotenimgrund.de/.cm4all/uproc.php/0/.Eowyn%20SW%20Zeichnung_geschlossen%20neu2.jpg/picture-1200?_=190e62abd18;Eowyn SW Zeichnung_geschlossen neu2.jpg;1200;675;/ | /aktuelles/ | /assistenzhunde/ | /assistenzhunde/ausbildung/ | /assistenzhunde/lpf/ | /assistenzhunde/preise/ | /assistenzhunde/psb/ | /assistenzhunde/signal/ | /assistenzhunde/warn-anzeige/ | /datenschutz/ | /einblicke/ | /einblicke/calla/ | /einblicke/events/ | /einblicke/training/ | /ernaehrungsberatung/ | /fragen/ | /helferhunde/ | /helferhunde/ausbildung/ | /helferhunde/preise/ | /impressum/ | /kontakt/ | /kontakt/oeffnungszeiten/ | /mantrailing/ | /seitenuebersicht/ | /ueber-mich/ | /ueber-mich/qualifikationen/ | /weitere-angebote/;https://helfendeassistenzhundepfotenimgrund.de/.cm4all/uproc.php/0/.Eowyn%20SW%20Zeichnung_geschlossen%20neu2.jpg/picture-1200?_=190e62abd18
images/mantrailing/20220605-120648-bild-alle-drei-mit-blumen.jpg;https://helfendeassistenzhundepfotenimgrund.de/mantrailing/;https://helfendeassistenzhundepfotenimgrund.de/.cm4all/uproc.php/0/Mantrailing/.20220605_120648%20Bild%20alle%20drei%20mit%20Blumen.jpg/picture-200?_=190c61a26a8;20220605_120648 Bild alle drei mit Blumen.jpg;200;143;Archiv – derzeit nicht eingebunden;https://helfendeassistenzhundepfotenimgrund.de/.cm4all/uproc.php/0/Mantrailing/.20220605_120648%20Bild%20alle%20drei%20mit%20Blumen.jpg/picture-200?_=190c61a26a8
images/mantrailing/amadeus-wiese.jpg;https://helfendeassistenzhundepfotenimgrund.de/mantrailing/;https://helfendeassistenzhundepfotenimgrund.de/.cm4all/uproc.php/0/Mantrailing/.Amadeus%20Wiese.jpg/picture-200?_=190c61a2a90;Amadeus Wiese.jpg;200;125;Archiv – derzeit nicht eingebunden;https://helfendeassistenzhundepfotenimgrund.de/.cm4all/uproc.php/0/Mantrailing/.Amadeus%20Wiese.jpg/picture-200?_=190c61a2a90
images/mantrailing/amadeus.jpg;https://helfendeassistenzhundepfotenimgrund.de/mantrailing/;https://helfendeassistenzhundepfotenimgrund.de/.cm4all/uproc.php/0/Mantrailing/.Amadeus.jpg/picture-200?_=190c61a4db8;Amadeus.jpg;200;143;Archiv – derzeit nicht eingebunden;https://helfendeassistenzhundepfotenimgrund.de/.cm4all/uproc.php/0/Mantrailing/.Amadeus.jpg/picture-200?_=190c61a4db8
images/mantrailing/eowyn-22-mantrailing.jpg;https://helfendeassistenzhundepfotenimgrund.de/mantrailing/;https://helfendeassistenzhundepfotenimgrund.de/.cm4all/uproc.php/0/Mantrailing/.Eowyn%2022%20Mantrailing.jpg/picture-200?_=190c61a3260;Eowyn 22 Mantrailing.jpg;200;125;Archiv – derzeit nicht eingebunden;https://helfendeassistenzhundepfotenimgrund.de/.cm4all/uproc.php/0/Mantrailing/.Eowyn%2022%20Mantrailing.jpg/picture-200?_=190c61a3260
images/mantrailing/eowyn-sonnenuntergang.jpg;https://helfendeassistenzhundepfotenimgrund.de/mantrailing/;https://helfendeassistenzhundepfotenimgrund.de/.cm4all/uproc.php/0/Mantrailing/.Eowyn%20Sonnenuntergang.jpg/picture-200?_=190c61a3e18;Eowyn Sonnenuntergang.jpg;200;143;Archiv – derzeit nicht eingebunden;https://helfendeassistenzhundepfotenimgrund.de/.cm4all/uproc.php/0/Mantrailing/.Eowyn%20Sonnenuntergang.jpg/picture-200?_=190c61a3e18
images/mantrailing/nebel.jpg;https://helfendeassistenzhundepfotenimgrund.de/mantrailing/;https://helfendeassistenzhundepfotenimgrund.de/.cm4all/uproc.php/0/Mantrailing/.Nebel.jpg/picture-200?_=190c61a22c0;Nebel.jpg;200;143;Archiv – derzeit nicht eingebunden;https://helfendeassistenzhundepfotenimgrund.de/.cm4all/uproc.php/0/Mantrailing/.Nebel.jpg/picture-200?_=190c61a22c0
images/mantrailing/sonnenuntergang-1.jpg;https://helfendeassistenzhundepfotenimgrund.de/mantrailing/;https://helfendeassistenzhundepfotenimgrund.de/.cm4all/uproc.php/0/Mantrailing/.Sonnenuntergang%201.jpg/picture-200?_=190c61a4db8;Sonnenuntergang 1.jpg;200;143;Archiv – derzeit nicht eingebunden;https://helfendeassistenzhundepfotenimgrund.de/.cm4all/uproc.php/0/Mantrailing/.Sonnenuntergang%201.jpg/picture-200?_=190c61a4db8
images/sonstiges/ari-und-joschi-20250714-162617.jpg;https://helfendeassistenzhundepfotenimgrund.de/lpf-assistenzhunde/;https://helfendeassistenzhundepfotenimgrund.de/.cm4all/uproc.php/0/Assistenzhunde/LPF-Assistenzhunde/.Ari%20und%20Joschi%2020250714_162617.jpg/picture-200?_=198d55675b0;Ari und Joschi 20250714_162617.jpg;200;434;Archiv – derzeit nicht eingebunden;https://helfendeassistenzhundepfotenimgrund.de/.cm4all/uproc.php/0/Assistenzhunde/LPF-Assistenzhunde/.Ari%20und%20Joschi%2020250714_162617.jpg/picture-200?_=198d55675b0
images/sonstiges/bild9.jpg;https://helfendeassistenzhundepfotenimgrund.de/lpf-assistenzhunde/;https://helfendeassistenzhundepfotenimgrund.de/.cm4all/uproc.php/0/Assistenzhunde/LPF-Assistenzhunde/.bild9.jpg/picture-200?_=18e98191360;bild9.jpg;200;267;Archiv – derzeit nicht eingebunden;https://helfendeassistenzhundepfotenimgrund.de/.cm4all/uproc.php/0/Assistenzhunde/LPF-Assistenzhunde/.bild9.jpg/picture-200?_=18e98191360
images/sonstiges/calla-20230429.jpg;https://helfendeassistenzhundepfotenimgrund.de/psb-assistenzhunde/;https://helfendeassistenzhundepfotenimgrund.de/.cm4all/uproc.php/0/Assistenzhunde/PSB-Assistenzhunde/.Calla-20230429.jpg/picture-200?_=18ebef349d8;Calla-20230429.jpg;200;266;Archiv – derzeit nicht eingebunden;https://helfendeassistenzhundepfotenimgrund.de/.cm4all/uproc.php/0/Assistenzhunde/PSB-Assistenzhunde/.Calla-20230429.jpg/picture-200?_=18ebef349d8
images/sonstiges/calla-im-rewe-2.jpg;https://helfendeassistenzhundepfotenimgrund.de/psb-assistenzhunde/;https://helfendeassistenzhundepfotenimgrund.de/.cm4all/uproc.php/0/Assistenzhunde/PSB-Assistenzhunde/.Calla%20im%20Rewe%202.jpg/picture-200?_=190c605e710;Calla im Rewe 2.jpg;200;143;Archiv – derzeit nicht eingebunden;https://helfendeassistenzhundepfotenimgrund.de/.cm4all/uproc.php/0/Assistenzhunde/PSB-Assistenzhunde/.Calla%20im%20Rewe%202.jpg/picture-200?_=190c605e710
images/sonstiges/calla-im-rewe.jpg;https://helfendeassistenzhundepfotenimgrund.de/psb-assistenzhunde/;https://helfendeassistenzhundepfotenimgrund.de/.cm4all/uproc.php/0/Assistenzhunde/PSB-Assistenzhunde/.Calla%20im%20Rewe.jpg/picture-200?_=190c605df40;Calla im Rewe.jpg;200;125;Archiv – derzeit nicht eingebunden;https://helfendeassistenzhundepfotenimgrund.de/.cm4all/uproc.php/0/Assistenzhunde/PSB-Assistenzhunde/.Calla%20im%20Rewe.jpg/picture-200?_=190c605df40
images/sonstiges/eowyn-im-tierpark.jpg;https://helfendeassistenzhundepfotenimgrund.de/warn-anzeige-assistenzhunde/;https://helfendeassistenzhundepfotenimgrund.de/.cm4all/uproc.php/0/Assistenzhunde/Warn-%20und%20Anzeigehunde/.Eowyn%20im%20Tierpark.jpg/picture-200?_=190c60b26d0;Eowyn im Tierpark.jpg;200;143;Archiv – derzeit nicht eingebunden;https://helfendeassistenzhundepfotenimgrund.de/.cm4all/uproc.php/0/Assistenzhunde/Warn-%20und%20Anzeigehunde/.Eowyn%20im%20Tierpark.jpg/picture-200?_=190c60b26d0
images/sonstiges/eowyn-markt.jpg;https://helfendeassistenzhundepfotenimgrund.de/warn-anzeige-assistenzhunde/;https://helfendeassistenzhundepfotenimgrund.de/.cm4all/uproc.php/0/Assistenzhunde/Warn-%20und%20Anzeigehunde/.Eowyn%20Markt.jpg/picture-200?_=190c60b4228;Eowyn Markt.jpg;200;143;Archiv – derzeit nicht eingebunden;https://helfendeassistenzhundepfotenimgrund.de/.cm4all/uproc.php/0/Assistenzhunde/Warn-%20und%20Anzeigehunde/.Eowyn%20Markt.jpg/picture-200?_=190c60b4228
images/sonstiges/eowyn-weihnachtsbaum.jpg;https://helfendeassistenzhundepfotenimgrund.de/warn-anzeige-assistenzhunde/;https://helfendeassistenzhundepfotenimgrund.de/.cm4all/uproc.php/0/Assistenzhunde/Warn-%20und%20Anzeigehunde/.Eowyn%20Weihnachtsbaum.jpg/picture-200?_=190c60b3e40;Eowyn Weihnachtsbaum.jpg;200;143;Archiv – derzeit nicht eingebunden;https://helfendeassistenzhundepfotenimgrund.de/.cm4all/uproc.php/0/Assistenzhunde/Warn-%20und%20Anzeigehunde/.Eowyn%20Weihnachtsbaum.jpg/picture-200?_=190c60b3e40
images/sonstiges/eoywn-beim-kuscheln.jpg;https://helfendeassistenzhundepfotenimgrund.de/warn-anzeige-assistenzhunde/;https://helfendeassistenzhundepfotenimgrund.de/.cm4all/uproc.php/0/Assistenzhunde/Warn-%20und%20Anzeigehunde/.Eoywn%20beim%20Kuscheln.jpg/picture-200?_=18e98150838;Eoywn beim Kuscheln.jpg;200;150;Archiv – derzeit nicht eingebunden;https://helfendeassistenzhundepfotenimgrund.de/.cm4all/uproc.php/0/Assistenzhunde/Warn-%20und%20Anzeigehunde/.Eoywn%20beim%20Kuscheln.jpg/picture-200?_=18e98150838
images/sonstiges/hund-und-rollstuhl.jpg;https://helfendeassistenzhundepfotenimgrund.de/lpf-assistenzhunde/;https://helfendeassistenzhundepfotenimgrund.de/.cm4all/uproc.php/0/Assistenzhunde/LPF-Assistenzhunde/.Hund%20und%20Rollstuhl.jpg/picture-200?_=18e981594d8;Hund und Rollstuhl.jpg;200;266;Archiv – derzeit nicht eingebunden;https://helfendeassistenzhundepfotenimgrund.de/.cm4all/uproc.php/0/Assistenzhunde/LPF-Assistenzhunde/.Hund%20und%20Rollstuhl.jpg/picture-200?_=18e981594d8
images/sonstiges/joschi-20250714-160126.jpg;https://helfendeassistenzhundepfotenimgrund.de/lpf-assistenzhunde/;https://helfendeassistenzhundepfotenimgrund.de/.cm4all/uproc.php/0/Assistenzhunde/LPF-Assistenzhunde/.Joschi%2020250714_160126.jpg/picture-200?_=198d5575458;Joschi 20250714_160126.jpg;200;263;Archiv – derzeit nicht eingebunden;https://helfendeassistenzhundepfotenimgrund.de/.cm4all/uproc.php/0/Assistenzhunde/LPF-Assistenzhunde/.Joschi%2020250714_160126.jpg/picture-200?_=198d5575458
images/sonstiges/joschi-auf-strassenfest-20250803-150324.jpg;https://helfendeassistenzhundepfotenimgrund.de/lpf-assistenzhunde/;https://helfendeassistenzhundepfotenimgrund.de/.cm4all/uproc.php/0/Assistenzhunde/LPF-Assistenzhunde/.joschi%20auf%20Stra%C3%9Fenfest%2020250803_150324.jpg/picture-200?_=198d5576010;joschi auf Straßenfest 20250803_150324.jpg;200;360;Archiv – derzeit nicht eingebunden;https://helfendeassistenzhundepfotenimgrund.de/.cm4all/uproc.php/0/Assistenzhunde/LPF-Assistenzhunde/.joschi%20auf%20Stra%C3%9Fenfest%2020250803_150324.jpg/picture-200?_=198d5576010
images/sonstiges/joschi-und-skye-bei-der-kg20250806-174309.jpg;https://helfendeassistenzhundepfotenimgrund.de/lpf-assistenzhunde/;https://helfendeassistenzhundepfotenimgrund.de/.cm4all/uproc.php/0/Assistenzhunde/LPF-Assistenzhunde/.Joschi%20und%20Skye%20bei%20der%20KG20250806_174309.jpg/picture-200?_=198d5578ef0;Joschi und Skye bei der KG20250806_174309.jpg;200;212;Archiv – derzeit nicht eingebunden;https://helfendeassistenzhundepfotenimgrund.de/.cm4all/uproc.php/0/Assistenzhunde/LPF-Assistenzhunde/.Joschi%20und%20Skye%20bei%20der%20KG20250806_174309.jpg/picture-200?_=198d5578ef0
images/sonstiges/originalmotiv-02.jpg;https://helfendeassistenzhundepfotenimgrund.de/signalassistenzhunde/;https://helfendeassistenzhundepfotenimgrund.de/.cm4all/uproc.php/0/Assistenzhunde/Signalassistenzhunde/.20230731_103556.jpg/picture-200?_=18ebef6e3b8;20230731_103556.jpg;200;279;Archiv – derzeit nicht eingebunden;https://helfendeassistenzhundepfotenimgrund.de/.cm4all/uproc.php/0/Assistenzhunde/Signalassistenzhunde/.20230731_103556.jpg/picture-200?_=18ebef6e3b8
images/sonstiges/originalmotiv-03.jpg;https://helfendeassistenzhundepfotenimgrund.de/signalassistenzhunde/;https://helfendeassistenzhundepfotenimgrund.de/.cm4all/uproc.php/0/Assistenzhunde/Signalassistenzhunde/.IMG-20230504-WA0008.jpg/picture-200?_=18ebef512e0;IMG-20230504-WA0008.jpg;200;356;Archiv – derzeit nicht eingebunden;https://helfendeassistenzhundepfotenimgrund.de/.cm4all/uproc.php/0/Assistenzhunde/Signalassistenzhunde/.IMG-20230504-WA0008.jpg/picture-200?_=18ebef512e0
images/sonstiges/originalmotiv-04.jpg;https://helfendeassistenzhundepfotenimgrund.de/warn-anzeige-assistenzhunde/;https://helfendeassistenzhundepfotenimgrund.de/.cm4all/uproc.php/0/Assistenzhunde/Warn-%20und%20Anzeigehunde/.20200611_121025.jpg/picture-200?_=18ebd82cdd0;20200611_121025.jpg;200;356;Archiv – derzeit nicht eingebunden;https://helfendeassistenzhundepfotenimgrund.de/.cm4all/uproc.php/0/Assistenzhunde/Warn-%20und%20Anzeigehunde/.20200611_121025.jpg/picture-200?_=18ebd82cdd0
images/sonstiges/originalmotiv-05.jpg;https://helfendeassistenzhundepfotenimgrund.de/helferhunde-esa-ausbildung/;https://helfendeassistenzhundepfotenimgrund.de/.cm4all/uproc.php/0/Helferhunde/Helferhunde%20-%20Ausbildung/.IMG-20240413-WA0143.jpg/picture-200?_=190d02aa4b0;IMG-20240413-WA0143.jpg;200;354;Archiv – derzeit nicht eingebunden;https://helfendeassistenzhundepfotenimgrund.de/.cm4all/uproc.php/0/Helferhunde/Helferhunde%20-%20Ausbildung/.IMG-20240413-WA0143.jpg/picture-200?_=190d02aa4b0
images/sonstiges/originalmotiv-06.jpg;https://helfendeassistenzhundepfotenimgrund.de/helferhunde-esa-ausbildung/;https://helfendeassistenzhundepfotenimgrund.de/.cm4all/uproc.php/0/Helferhunde/Helferhunde%20-%20Ausbildung/.IMG-20240413-WA0152.jpg/picture-200?_=190d02b9eb0;IMG-20240413-WA0152.jpg;200;96;Archiv – derzeit nicht eingebunden;https://helfendeassistenzhundepfotenimgrund.de/.cm4all/uproc.php/0/Helferhunde/Helferhunde%20-%20Ausbildung/.IMG-20240413-WA0152.jpg/picture-200?_=190d02b9eb0
images/sonstiges/originalmotiv-07.jpg;https://helfendeassistenzhundepfotenimgrund.de/helferhunde-esa-ausbildung/;https://helfendeassistenzhundepfotenimgrund.de/.cm4all/uproc.php/0/Helferhunde/Helferhunde%20-%20Ausbildung/.IMG-20240413-WA0159.jpg/picture-200?_=190d055c3c0;IMG-20240413-WA0159.jpg;200;106;Archiv – derzeit nicht eingebunden;https://helfendeassistenzhundepfotenimgrund.de/.cm4all/uproc.php/0/Helferhunde/Helferhunde%20-%20Ausbildung/.IMG-20240413-WA0159.jpg/picture-200?_=190d055c3c0
images/sonstiges/originalmotiv.jpg;https://helfendeassistenzhundepfotenimgrund.de/signalassistenzhunde/;https://helfendeassistenzhundepfotenimgrund.de/.cm4all/uproc.php/0/Assistenzhunde/Signalassistenzhunde/.20220904_201901.jpg/picture-200?_=18ebee4af90;20220904_201901.jpg;200;150;Archiv – derzeit nicht eingebunden;https://helfendeassistenzhundepfotenimgrund.de/.cm4all/uproc.php/0/Assistenzhunde/Signalassistenzhunde/.20220904_201901.jpg/picture-200?_=18ebee4af90
images/ueber-mich/bild-auf-der-mauer.jpg;https://helfendeassistenzhundepfotenimgrund.de/oeffnungszeiten/ | https://helfendeassistenzhundepfotenimgrund.de/ueber-uns/ | https://helfendeassistenzhundepfotenimgrund.de/ueber-uns_qualifikation/;https://helfendeassistenzhundepfotenimgrund.de/.cm4all/uproc.php/0/%C3%9Cber%20uns/.Bild%20auf%20der%20Mauer.jpg/picture-200?_=18e98143930;Bild auf der Mauer.jpg;200;150;Archiv – derzeit nicht eingebunden;https://helfendeassistenzhundepfotenimgrund.de/.cm4all/uproc.php/0/%C3%9Cber%20uns/.Bild%20auf%20der%20Mauer.jpg/picture-200?_=18e98143930
images/ueber-mich/ingeborg-mit-hunden.jpg;https://helfendeassistenzhundepfotenimgrund.de/ | https://helfendeassistenzhundepfotenimgrund.de/ueber-uns/;https://helfendeassistenzhundepfotenimgrund.de/.cm4all/uproc.php/0/Startseite/Ingeborg.jpg?_=18e981882d8;Ingeborg.jpg;463;477;/ | /ueber-mich/;https://helfendeassistenzhundepfotenimgrund.de/.cm4all/uproc.php/0/Startseite/.Ingeborg.jpg/picture-1200?_=18e981882d8
